x,vx,y,vy,z,vz
0.0000,164.5920,0.0000,0.0000,457.2000,0.0000
5.4863,164.5872,0.0000,0.0030,457.1971,-0.1640
10.9725,164.5854,0.0002,0.0087,457.1896,-0.2788
16.4587,164.5860,0.0006,0.0124,457.1790,-0.3510
21.9449,164.5885,0.0010,0.0105,457.1666,-0.3868
27.4313,164.5923,0.0012,0.0004,457.1536,-0.3922
32.9178,164.5971,0.0009,-0.0190,457.1407,-0.3728
38.4044,164.6026,-0.0002,-0.0479,457.1289,-0.3341
43.8913,164.6086,-0.0024,-0.0861,457.1186,-0.2808
49.3783,164.6151,-0.0060,-0.1331,457.1103,-0.2172
54.8656,164.6220,-0.0113,-0.1882,457.1042,-0.1472
60.3531,164.6293,-0.0186,-0.2507,457.1005,-0.0740
65.8409,164.6371,-0.0281,-0.3200,457.0993,-0.0003
71.3290,164.6455,-0.0400,-0.3954,457.1005,0.0716
76.8173,164.6546,-0.0546,-0.4764,457.1040,0.1398
82.3059,164.6644,-0.0719,-0.5624,457.1098,0.2030
87.7949,164.6751,-0.0921,-0.6528,457.1175,0.2601
93.2843,164.6868,-0.1154,-0.7472,457.1270,0.3104
98.7741,164.6996,-0.1420,-0.8451,457.1381,0.3534
104.2643,164.7136,-0.1718,-0.9463,457.1505,0.3890
109.7550,164.7288,-0.2051,-1.0504,457.1639,0.4170
115.2462,164.7453,-0.2419,-1.1572,457.1782,0.4378
120.7380,164.7633,-0.2823,-1.2666,457.1931,0.4516
126.2305,164.7828,-0.3263,-1.3785,457.2083,0.4589
131.7236,164.8038,-0.3742,-1.4929,457.2236,0.4602
137.2174,164.8265,-0.4259,-1.6097,457.2389,0.4560
142.7120,164.8509,-0.4815,-1.7290,457.2539,0.4468
148.2075,164.8771,-0.5412,-1.8509,457.2686,0.4333
153.7038,164.9051,-0.6050,-1.9756,457.2828,0.4161
159.2012,164.9350,-0.6729,-2.1032,457.2963,0.3959
164.6995,164.9669,-0.7452,-2.2338,457.3091,0.3731
170.1990,165.0009,-0.8219,-2.3677,457.3212,0.3484
175.6996,165.0370,-0.9031,-2.5049,457.3323,0.3222
181.2015,165.0753,-0.9889,-2.6458,457.3426,0.2950
186.7047,165.1158,-1.0795,-2.7904,457.3520,0.2673
192.2092,165.1587,-1.1750,-2.9390,457.3605,0.2395
197.7153,165.2039,-1.2755,-3.0917,457.3680,0.2118
203.2228,165.2516,-1.3811,-3.2486,457.3746,0.1846
208.7321,165.3018,-1.4921,-3.4099,457.3803,0.1581
214.2430,165.3545,-1.6085,-3.5758,457.3851,0.1325
219.7557,165.4098,-1.7305,-3.7463,457.3891,0.1080
225.2703,165.4677,-1.8583,-3.9215,457.3923,0.0846
230.7869,165.5283,-1.9920,-4.1015,457.3948,0.0626
236.3056,165.5916,-2.1318,-4.2863,457.3965,0.0420
241.8264,165.6577,-2.2778,-4.4761,457.3976,0.0228
247.3495,165.7266,-2.4303,-4.6707,457.3981,0.0050
252.8749,165.7982,-2.5893,-4.8704,457.3980,-0.0114
258.4027,165.8727,-2.7550,-5.0750,457.3973,-0.0263
263.9331,165.9500,-2.9277,-5.2846,457.3962,-0.0399
269.4661,166.0301,-3.1074,-5.4992,457.3947,-0.0522
275.0018,166.1130,-3.2943,-5.7187,457.3927,-0.0633
280.5403,166.1987,-3.4887,-5.9432,457.3905,-0.0731
286.0817,166.2872,-3.6906,-6.1726,457.3879,-0.0818
291.6262,166.3786,-3.9002,-6.4069,457.3850,-0.0894
297.1737,166.4726,-4.1178,-6.6461,457.3819,-0.0960
302.7244,166.5693,-4.3434,-6.8901,457.3786,-0.1017
308.2783,166.6687,-4.5772,-7.1389,457.3752,-0.1065
313.8356,166.7704,-4.8193,-7.3924,457.3715,-0.1105
319.3964,166.8736,-5.0701,-7.6507,457.3678,-0.1137
324.9605,166.9769,-5.3294,-7.9135,457.3640,-0.1163
330.5281,167.0789,-5.5977,-8.1808,457.3601,-0.1184
336.0991,167.1788,-5.8749,-8.4525,457.3561,-0.1200
341.6734,167.2758,-6.1612,-8.7284,457.3521,-0.1213
347.2508,167.3693,-6.4568,-9.0085,457.3480,-0.1222
352.8313,167.4587,-6.7618,-9.2927,457.3439,-0.1229
358.4147,167.5432,-7.0764,-9.5808,457.3398,-0.1235
364.0008,167.6225,-7.4006,-9.8729,457.3357,-0.1239
369.5894,167.6965,-7.7346,-10.1687,457.3316,-0.1242
375.1805,167.7654,-8.0785,-10.4684,457.3274,-0.1245
380.7737,167.8293,-8.4325,-10.7717,457.3233,-0.1247
386.3690,167.8883,-8.7967,-11.0788,457.3191,-0.1249
391.9662,167.9426,-9.1712,-11.3895,457.3149,-0.1252
397.5652,167.9922,-9.5560,-11.7038,457.3108,-0.1254
403.1657,168.0372,-9.9515,-12.0218,457.3066,-0.1257
408.7676,168.0778,-10.3575,-12.3433,457.3024,-0.1260
414.3708,168.1141,-10.7744,-12.6683,457.2982,-0.1263
419.9751,168.1460,-11.2021,-12.9969,457.2939,-0.1267
425.5805,168.1738,-11.6409,-13.3289,457.2897,-0.1270
431.1867,168.1975,-12.0908,-13.6644,457.2855,-0.1274
436.7936,168.2172,-12.5519,-14.0034,457.2812,-0.1277
442.4011,168.2330,-13.0244,-14.3458,457.2770,-0.1281
448.0091,168.2449,-13.5083,-14.6916,457.2727,-0.1284
453.6174,168.2530,-14.0038,-15.0409,457.2684,-0.1287
459.2259,168.2574,-14.5111,-15.3935,457.2641,-0.1290
464.8345,168.2581,-15.0301,-15.7495,457.2598,-0.1291
470.4431,168.2552,-15.5611,-16.1089,457.2555,-0.1293
476.0515,168.2488,-16.1041,-16.4716,457.2512,-0.1293
481.6596,168.2388,-16.6592,-16.8376,457.2469,-0.1293
487.2674,168.2255,-17.2266,-17.2069,457.2426,-0.1292
492.8746,168.2087,-17.8064,-17.5795,457.2383,-0.1290
498.4813,168.1887,-18.3986,-17.9553,457.2340,-0.1288
504.0872,168.1653,-19.0034,-18.3344,457.2297,-0.1284
509.6923,168.1387,-19.6210,-18.7167,457.2254,-0.1279
515.2964,168.1088,-20.2513,-19.1022,457.2212,-0.1273
520.8995,168.0758,-20.8945,-19.4909,457.2169,-0.1266
526.5014,168.0397,-21.5507,-19.8828,457.2127,-0.1257
532.1021,168.0005,-22.2200,-20.2777,457.2085,-0.1248
537.7014,167.9582,-22.9026,-20.6758,457.2044,-0.1237
543.2993,167.9128,-23.5984,-21.0769,457.2003,-0.1225
548.8956,167.8645,-24.3077,-21.4811,457.1962,-0.1213
554.4902,167.8132,-25.0306,-21.8883,457.1922,-0.1199
560.0831,167.7589,-25.7670,-22.2985,457.1882,-0.1184
565.6741,167.7018,-26.5171,-22.7116,457.1843,-0.1167
571.2632,167.6417,-27.2811,-23.1277,457.1805,-0.1150
576.8502,167.5788,-28.0590,-23.5466,457.1767,-0.1131
582.4350,167.5130,-28.8509,-23.9685,457.1729,-0.1112
588.0177,167.4443,-29.6570,-24.3932,457.1693,-0.1091
593.5980,167.3729,-30.4772,-24.8206,457.1656,-0.1069
599.1758,167.2987,-31.3117,-25.2509,457.1621,-0.1047
604.7512,167.2217,-32.1606,-25.6839,457.1587,-0.1023
610.3239,167.1419,-33.0240,-26.1196,457.1553,-0.0998
615.8939,167.0594,-33.9019,-26.5580,457.1520,-0.0972
621.4612,166.9741,-34.7945,-26.9990,457.1488,-0.0946
627.0255,166.8861,-35.7019,-27.4427,457.1457,-0.0918
632.5869,166.7954,-36.6241,-27.8890,457.1427,-0.0890
638.1452,166.7020,-37.5612,-28.3377,457.1398,-0.0860
643.7003,166.6060,-38.5133,-28.7890,457.1370,-0.0830
649.2522,166.5072,-39.4805,-29.2428,457.1342,-0.0799
654.8008,166.4058,-40.4629,-29.6991,457.1316,-0.0767
660.3459,166.3017,-41.4605,-30.1577,457.1291,-0.0734
665.8875,166.1949,-42.4734,-30.6188,457.1267,-0.0701
671.4255,166.0856,-43.5017,-31.0822,457.1245,-0.0666
676.9599,165.9735,-44.5456,-31.5479,457.1223,-0.0631
682.4904,165.8588,-45.6050,-32.0159,457.1203,-0.0595
688.0171,165.7415,-46.6800,-32.4861,457.1183,-0.0559
693.5398,165.6216,-47.7707,-32.9585,457.1165,-0.0521
699.0585,165.4990,-48.8772,-33.4331,457.1149,-0.0483
704.5731,165.3739,-49.9996,-33.9099,457.1133,-0.0444
710.0834,165.2461,-51.1379,-34.3888,457.1119,-0.0405
715.5894,165.1156,-52.2922,-34.8697,457.1106,-0.0364
721.0911,164.9826,-53.4626,-35.3527,457.1095,-0.0323
726.5882,164.8470,-54.6491,-35.8376,457.1085,-0.0282
732.0808,164.7087,-55.8518,-36.3246,457.1076,-0.0239
737.5688,164.5678,-57.0707,-36.8135,457.1069,-0.0196
743.0520,164.4244,-58.3060,-37.3042,457.1063,-0.0153
748.5304,164.2783,-59.5577,-37.7969,457.1059,-0.0108
754.0039,164.1296,-60.8259,-38.2913,457.1056,-0.0063
759.4723,163.9783,-62.1105,-38.7876,457.1054,-0.0018
764.9357,163.8244,-63.4117,-39.2856,457.1054,0.0028
770.3939,163.6679,-64.7296,-39.7853,457.1056,0.0074
775.8469,163.5088,-66.0641,-40.2867,457.1059,0.0122
781.2945,163.3470,-67.4154,-40.7898,457.1064,0.0169
786.7367,163.1827,-68.7834,-41.2945,457.1071,0.0217
792.1733,163.0158,-70.1683,-41.8007,457.1079,0.0266
797.6043,162.8462,-71.5702,-42.3085,457.1088,0.0315
803.0297,162.6740,-72.9889,-42.8178,457.1100,0.0365
808.4493,162.4992,-74.4247,-43.3286,457.1113,0.0415
813.8629,162.3218,-75.8775,-43.8408,457.1128,0.0466
819.2707,162.1418,-77.3474,-44.3544,457.1144,0.0517
824.6724,161.9591,-78.8345,-44.8693,457.1162,0.0569
830.0679,161.7739,-80.3387,-45.3856,457.1182,0.0621
835.4573,161.5860,-81.8602,-45.9032,457.1203,0.0673
840.8403,161.3955,-83.3990,-46.4220,457.1227,0.0726
846.2169,161.2023,-84.9550,-46.9421,457.1252,0.0779
851.5871,161.0066,-86.5284,-47.4633,457.1279,0.0832
856.9507,160.8081,-88.1193,-47.9857,457.1307,0.0886
862.3076,160.6071,-89.7275,-48.5092,457.1338,0.0940
867.6578,160.4037,-91.3532,-49.0338,457.1370,0.0995
873.0012,160.1981,-92.9964,-49.5597,457.1404,0.1050
878.3376,159.9907,-94.6572,-50.0869,457.1440,0.1106
883.6672,159.7816,-96.3356,-50.6154,457.1478,0.1163
888.9897,159.5712,-98.0316,-51.1453,457.1518,0.1220
894.3052,159.3595,-99.7453,-51.6767,457.1559,0.1279
899.6137,159.1469,-101.4767,-52.2097,457.1603,0.1339
904.9150,158.9335,-103.2259,-52.7442,457.1648,0.1399
910.2092,158.7194,-104.9930,-53.2804,457.1696,0.1462
915.4963,158.5048,-106.7780,-53.8182,457.1746,0.1527
920.7762,158.2898,-108.5809,-54.3577,457.1798,0.1598
926.0490,158.0746,-110.4019,-54.8987,457.1852,0.1674
931.3145,157.8593,-112.2408,-55.4412,457.1910,0.1759
936.5729,157.6440,-114.0979,-55.9852,457.1970,0.1853
941.8241,157.4287,-115.9732,-56.5304,457.2033,0.1958
947.0682,157.2136,-117.8667,-57.0769,457.2100,0.2074
952.3050,156.9988,-119.7783,-57.6243,457.2172,0.2202
957.5348,156.7843,-121.7083,-58.1725,457.2247,0.2343
962.7573,156.5702,-123.6565,-58.7213,457.2328,0.2497
967.9728,156.3565,-125.6230,-59.2703,457.2414,0.2665
973.1811,156.1435,-127.6079,-59.8193,457.2506,0.2847
978.3823,155.9310,-129.6110,-60.3680,457.2604,0.3042
983.5765,155.7193,-131.6324,-60.9160,457.2709,0.3250
988.7636,155.5083,-133.6720,-61.4630,457.2821,0.3472
993.9437,155.2981,-135.7299,-62.0087,457.2940,0.3706
999.1169,155.0888,-137.8059,-62.5525,457.3068,0.3951
1004.2830,154.8804,-139.9000,-63.0943,457.3204,0.4208
1009.4422,154.6730,-142.0122,-63.6335,457.3349,0.4475
1014.5945,154.4666,-144.1422,-64.1698,457.3502,0.4752
1019.7400,154.2613,-146.2901,-64.7029,457.3666,0.5037
1024.8787,154.0572,-148.4557,-65.2324,457.3838,0.5330
1030.0105,153.8541,-150.6389,-65.7578,457.4021,0.5630
1035.1356,153.6522,-152.8395,-66.2790,457.4214,0.5935
1040.2540,153.4515,-155.0575,-66.7955,457.4417,0.6244
1045.3657,153.2520,-157.2925,-67.3070,457.4630,0.6558
1050.4708,153.0537,-159.5445,-67.8133,457.4854,0.6873
1055.5693,152.8565,-161.8134,-68.3141,457.5088,0.7189
1060.6613,152.6606,-164.0988,-68.8091,457.5333,0.7506
1065.7467,152.4659,-166.4006,-69.2980,457.5589,0.7822
1070.8257,152.2723,-168.7186,-69.7807,457.5855,0.8135
1075.8982,152.0798,-171.0525,-70.2570,457.6131,0.8446
1080.9643,151.8885,-173.4023,-70.7267,457.6418,0.8753
1086.0241,151.6983,-175.7676,-71.1896,457.6714,0.9056
1091.0776,151.5092,-178.1482,-71.6456,457.7021,0.9353
1096.1247,151.3211,-180.5439,-72.0946,457.7338,0.9643
1101.1656,151.1340,-182.9544,-72.5366,457.7664,0.9927
1106.2003,150.9478,-185.3796,-72.9713,457.8000,1.0202
1111.2288,150.7627,-187.8191,-73.3989,457.8344,1.0469
1116.2512,150.5784,-190.2727,-73.8193,457.8697,1.0727
1121.2674,150.3949,-192.7403,-74.2324,457.9059,1.0976
1126.2775,150.2124,-195.2215,-74.6383,457.9429,1.1215
1131.2816,150.0306,-197.7161,-75.0369,457.9807,1.1443
1136.2796,149.8497,-200.2239,-75.4283,458.0192,1.1661
1141.2716,149.6695,-202.7446,-75.8126,458.0584,1.1868
1146.2576,149.4900,-205.2780,-76.1898,458.0983,1.2064
1151.2376,149.3113,-207.8238,-76.5601,458.1388,1.2249
1156.2117,149.1334,-210.3819,-76.9234,458.1799,1.2422
1161.1798,148.9562,-212.9520,-77.2798,458.2216,1.2584
1166.1421,148.7797,-215.5338,-77.6296,458.2638,1.2734
1171.0985,148.6041,-218.1272,-77.9728,458.3065,1.2872
1176.0490,148.4293,-220.7319,-78.3096,458.3496,1.3000
1180.9938,148.2553,-223.3478,-78.6400,458.3931,1.3116
1185.9327,148.0823,-225.9745,-78.9643,458.4370,1.3221
1190.8659,147.9101,-228.6120,-79.2825,458.4813,1.3315
1195.7934,147.7389,-231.2599,-79.5948,458.5258,1.3398
1200.7152,147.5686,-233.9182,-79.9013,458.5706,1.3470
1205.6313,147.3993,-236.5866,-80.2021,458.6156,1.3532
1210.5418,147.2309,-239.2650,-80.4975,458.6608,1.3584
1215.4467,147.0636,-241.9531,-80.7875,458.7061,1.3626
1220.3461,146.8973,-244.6507,-81.0722,458.7516,1.3658
1225.2399,146.7321,-247.3578,-81.3518,458.7972,1.3681
1230.1282,146.5681,-250.0741,-81.6265,458.8428,1.3694
1235.0111,146.4053,-252.7995,-81.8964,458.8885,1.3699
1239.8886,146.2437,-255.5338,-82.1616,458.9341,1.3695
1244.7607,146.0835,-258.2769,-82.4224,458.9798,1.3682
1249.6275,145.9247,-261.0286,-82.6787,459.0253,1.3662
1254.4890,145.7674,-263.7888,-82.9309,459.0708,1.3634
1259.3454,145.6116,-266.5573,-83.1790,459.1162,1.3598
1264.1965,145.4573,-269.3340,-83.4231,459.1615,1.3555
1269.0425,145.3047,-272.1188,-83.6634,459.2066,1.3505
1273.8835,145.1538,-274.9115,-83.9000,459.2515,1.3448
1278.7195,145.0046,-277.7121,-84.1330,459.2962,1.3385
1283.5505,144.8572,-280.5204,-84.3626,459.3407,1.3316
1288.3766,144.7116,-283.3362,-84.5888,459.3850,1.3240
1293.1980,144.5679,-286.1596,-84.8118,459.4290,1.3159
1298.0145,144.4260,-288.9903,-85.0316,459.4727,1.3072
1302.8264,144.2862,-291.8283,-85.2484,459.5161,1.2980
1307.6336,144.1483,-294.6735,-85.4623,459.5592,1.2883
1312.4363,144.0123,-297.5258,-85.6733,459.6020,1.2780
1317.2345,143.8784,-300.3850,-85.8816,459.6444,1.2673
1322.0282,143.7465,-303.2512,-86.0871,459.6865,1.2562
1326.8176,143.6167,-306.1241,-86.2901,459.7282,1.2446
1331.6027,143.4888,-309.0038,-86.4905,459.7695,1.2326
1336.3835,143.3630,-311.8902,-86.6885,459.8103,1.2202
1341.1602,143.2392,-314.7830,-86.8840,459.8508,1.2073
1345.9328,143.1175,-317.6824,-87.0772,459.8908,1.1941
1350.7014,142.9977,-320.5882,-87.2681,459.9304,1.1806
1355.4660,142.8799,-323.5002,-87.4567,459.9695,1.1667
1360.2268,142.7641,-326.4186,-87.6431,460.0082,1.1524
1364.9837,142.6501,-329.3431,-87.8273,460.0463,1.1378
1369.7368,142.5381,-332.2737,-88.0094,460.0840,1.1229
1374.4862,142.4279,-335.2104,-88.1893,460.1212,1.1077
1379.2320,142.3196,-338.1530,-88.3672,460.1579,1.0922
1383.9742,142.2130,-341.1015,-88.5431,460.1940,1.0764
1388.7129,142.1081,-344.0558,-88.7169,460.2296,1.0603
1393.4481,142.0049,-347.0159,-88.8887,460.2647,1.0440
1398.1799,141.9033,-349.9817,-89.0585,460.2992,1.0274
1402.9083,141.8033,-352.9531,-89.2263,460.3332,1.0106
1407.6335,141.7049,-355.9301,-89.3921,460.3666,0.9935
1412.3553,141.6079,-358.9126,-89.5560,460.3994,0.9762
1417.0740,141.5123,-361.9005,-89.7180,460.4317,0.9587
1421.7895,141.4180,-364.8938,-89.8780,460.4633,0.9410
1426.5019,141.3251,-367.8923,-90.0360,460.4944,0.9230
1431.2112,141.2334,-370.8961,-90.1921,460.5249,0.9049
1435.9175,141.1428,-373.9051,-90.3463,460.5547,0.8866
1440.6207,141.0534,-376.9192,-90.4986,460.5840,0.8681
1445.3210,140.9651,-379.9383,-90.6490,460.6126,0.8494
1450.0184,140.8778,-382.9624,-90.7974,460.6406,0.8306
1454.7129,140.7915,-385.9915,-90.9440,460.6680,0.8117
1459.4045,140.7062,-389.0254,-91.0886,460.6947,0.7926
1464.0933,140.6217,-392.0640,-91.2313,460.7208,0.7733
1468.7793,140.5380,-395.1074,-91.3722,460.7463,0.7540
1473.4625,140.4551,-398.1555,-91.5111,460.7711,0.7345
1478.1430,140.3730,-401.2081,-91.6482,460.7952,0.7149
1482.8207,140.2916,-404.2653,-91.7834,460.8187,0.6952
1487.4958,140.2108,-407.3270,-91.9167,460.8416,0.6755
1492.1681,140.1308,-410.3931,-92.0482,460.8638,0.6556
1496.8378,140.0513,-413.4635,-92.1778,460.8853,0.6357
1501.5049,139.9724,-416.5383,-92.3056,460.9061,0.6157
1506.1693,139.8941,-419.6172,-92.4316,460.9263,0.5957
1510.8312,139.8164,-422.7004,-92.5557,460.9458,0.5757
1515.4904,139.7391,-425.7876,-92.6781,460.9647,0.5556
1520.1471,139.6624,-428.8789,-92.7987,460.9829,0.5355
1524.8013,139.5863,-431.9741,-92.9175,461.0004,0.5154
1529.4529,139.5105,-435.0734,-93.0347,461.0172,0.4953
1534.1020,139.4353,-438.1764,-93.1501,461.0334,0.4752
1538.7486,139.3606,-441.2833,-93.2638,461.0489,0.4551
1543.3927,139.2864,-444.3940,-93.3758,461.0638,0.4350
1548.0343,139.2126,-447.5084,-93.4862,461.0779,0.4150
1552.6735,139.1394,-450.6264,-93.5950,461.0914,0.3951
1557.3103,139.0666,-453.7480,-93.7022,461.1043,0.3751
1561.9447,138.9943,-456.8732,-93.8078,461.1164,0.3553
1566.5766,138.9226,-460.0019,-93.9119,461.1280,0.3355
1571.2062,138.8514,-463.1340,-94.0145,461.1388,0.3158
1575.8334,138.7807,-466.2695,-94.1156,461.1490,0.2962
1580.4582,138.7105,-469.4083,-94.2152,461.1586,0.2767
1585.0807,138.6410,-472.5505,-94.3135,461.1675,0.2573
1589.7010,138.5720,-475.6959,-94.4103,461.1757,0.2380
1594.3189,138.5036,-478.8445,-94.5058,461.1833,0.2189
1598.9345,138.4358,-481.9962,-94.5999,461.1903,0.1998
1603.5479,138.3686,-485.1511,-94.6927,461.1967,0.1809
1608.1591,138.3020,-488.3091,-94.7843,461.2024,0.1622
1612.7681,138.2361,-491.4701,-94.8746,461.2075,0.1437
1617.3749,138.1709,-494.6340,-94.9638,461.2120,0.1254
1621.9795,138.1063,-497.8010,-95.0517,461.2158,0.1073
1626.5820,138.0424,-500.9708,-95.1386,461.2191,0.0896
1631.1823,137.9792,-504.1435,-95.2243,461.2218,0.0721
1635.7806,137.9167,-507.3191,-95.3090,461.2239,0.0550
1640.3768,137.8549,-510.4975,-95.3926,461.2255,0.0382
1644.9709,137.7939,-513.6786,-95.4752,461.2265,0.0218
1649.5630,137.7336,-516.8625,-95.5569,461.2269,0.0058
1654.1532,137.6740,-520.0490,-95.6375,461.2269,-0.0099
1658.7413,137.6152,-523.2383,-95.7172,461.2263,-0.0251
1663.3275,137.5571,-526.4302,-95.7960,461.2252,-0.0400
1667.9118,137.4998,-529.6247,-95.8738,461.2236,-0.0544
1672.4942,137.4433,-532.8218,-95.9508,461.2216,-0.0685
1677.0747,137.3876,-536.0214,-96.0269,461.2191,-0.0821
1681.6534,137.3327,-539.2235,-96.1020,461.2161,-0.0954
1686.2302,137.2785,-542.4282,-96.1763,461.2127,-0.1082
1690.8053,137.2252,-545.6353,-96.2498,461.2089,-0.1207
1695.3786,137.1726,-548.8448,-96.3224,461.2047,-0.1328
1699.9501,137.1209,-552.0568,-96.3942,461.2000,-0.1445
1704.5200,137.0699,-555.2711,-96.4651,461.1950,-0.1559
1709.0881,137.0197,-558.4878,-96.5352,461.1897,-0.1669
1713.6546,136.9704,-561.7068,-96.6045,461.1839,-0.1776
1718.2195,136.9218,-564.9281,-96.6730,461.1778,-0.1880
1722.7828,136.8739,-568.1516,-96.7406,461.1714,-0.1980
1727.3444,136.8269,-571.3774,-96.8074,461.1646,-0.2078
1731.9046,136.7806,-574.6054,-96.8734,461.1575,-0.2172
1736.4631,136.7351,-577.8356,-96.9386,461.1501,-0.2262
1741.0202,136.6903,-581.0680,-97.0029,461.1425,-0.2350
1745.5758,136.6462,-584.3025,-97.0664,461.1345,-0.2436
1750.1300,136.6030,-587.5391,-97.1291,461.1262,-0.2522
1754.6827,136.5604,-590.7777,-97.1908,461.1177,-0.2609
1759.2340,136.5187,-594.0185,-97.2517,461.1088,-0.2699
1763.7840,136.4777,-597.2612,-97.3116,461.0997,-0.2790
1768.3325,136.4374,-600.5059,-97.3706,461.0902,-0.2884
1772.8798,136.3979,-603.7525,-97.4287,461.0804,-0.2981
1777.4258,136.3591,-607.0011,-97.4858,461.0703,-0.3081
1781.9704,136.3209,-610.2516,-97.5421,461.0599,-0.3183
1786.5138,136.2835,-613.5039,-97.5975,461.0491,-0.3287
1791.0560,136.2466,-616.7581,-97.6520,461.0380,-0.3394
1795.5969,136.2105,-620.0140,-97.7055,461.0265,-0.3502
1800.1367,136.1749,-623.2718,-97.7583,461.0146,-0.3611
1804.6753,136.1399,-626.5312,-97.8101,461.0024,-0.3722
1809.2127,136.1055,-629.7924,-97.8611,460.9898,-0.3833
1813.7490,136.0716,-633.0553,-97.9112,460.9769,-0.3943
1818.2841,136.0383,-636.3198,-97.9606,460.9635,-0.4054
1822.8182,136.0055,-639.5860,-98.0090,460.9498,-0.4164
1827.3512,135.9731,-642.8538,-98.0567,460.9358,-0.4273
1831.8831,135.9413,-646.1231,-98.1035,460.9214,-0.4380
1836.4139,135.9099,-649.3940,-98.1495,460.9066,-0.4486
1840.9437,135.8790,-652.6664,-98.1947,460.8915,-0.4590
1845.4725,135.8486,-655.9403,-98.2392,460.8760,-0.4691
1850.0003,135.8185,-659.2157,-98.2828,460.8602,-0.4791
1854.5271,135.7889,-662.4925,-98.3256,460.8440,-0.4888
1859.0529,135.7597,-665.7707,-98.3677,460.8276,-0.4982
1863.5778,135.7310,-669.0503,-98.4089,460.8108,-0.5074
1868.1017,135.7026,-672.3313,-98.4494,460.7938,-0.5163
1872.6246,135.6746,-675.6136,-98.4892,460.7764,-0.5249
1877.1466,135.6470,-678.8972,-98.5282,460.7588,-0.5332
1881.6677,135.6198,-682.1821,-98.5664,460.7409,-0.5412
1886.1880,135.5929,-685.4683,-98.6038,460.7227,-0.5490
1890.7073,135.5665,-688.7557,-98.6406,460.7043,-0.5565
1895.2257,135.5404,-692.0443,-98.6766,460.6856,-0.5637
1899.7433,135.5148,-695.3341,-98.7118,460.6667,-0.5706
1904.2600,135.4895,-698.6251,-98.7464,460.6476,-0.5772
1908.7759,135.4646,-701.9172,-98.7802,460.6282,-0.5836
1913.2910,135.4400,-705.2104,-98.8133,460.6087,-0.5898
1917.8053,135.4159,-708.5048,-98.8457,460.5889,-0.5957
1922.3188,135.3921,-711.8002,-98.8774,460.5690,-0.6013
1926.8314,135.3688,-715.0966,-98.9084,460.5488,-0.6068
1931.3433,135.3458,-718.3940,-98.9388,460.5285,-0.6120
1935.8545,135.3232,-721.6925,-98.9684,460.5080,-0.6170
1940.3649,135.3010,-724.9919,-98.9974,460.4874,-0.6217
1944.8746,135.2793,-728.2923,-99.0258,460.4666,-0.6263
1949.3835,135.2579,-731.5936,-99.0535,460.4456,-0.6306
1953.8918,135.2369,-734.8959,-99.0806,460.4245,-0.6348
1958.3993,135.2164,-738.1990,-99.1070,460.4033,-0.6388
1962.9062,135.1962,-741.5030,-99.1329,460.3820,-0.6426
1967.4124,135.1765,-744.8079,-99.1581,460.3605,-0.6462
1971.9180,135.1572,-748.1135,-99.1827,460.3389,-0.6496
1976.4229,135.1383,-751.4200,-99.2068,460.3172,-0.6529
1980.9272,135.1198,-754.7273,-99.2302,460.2954,-0.6559
1985.4309,135.1018,-758.0354,-99.2531,460.2734,-0.6589
1989.9340,135.0842,-761.3442,-99.2755,460.2514,-0.6616
1994.4365,135.0670,-764.6537,-99.2972,460.2293,-0.6642
1998.9385,135.0503,-767.9640,-99.3185,460.2072,-0.6666
2003.4399,135.0340,-771.2750,-99.3392,460.1849,-0.6689
2007.9407,135.0181,-774.5866,-99.3594,460.1626,-0.6710
2012.4411,135.0026,-777.8989,-99.3790,460.1402,-0.6730
2016.9409,134.9876,-781.2119,-99.3981,460.1177,-0.6748
2021.4402,134.9730,-784.5254,-99.4168,460.0952,-0.6764
2025.9391,134.9589,-787.8396,-99.4349,460.0726,-0.6779
2030.4375,134.9452,-791.1544,-99.4525,460.0500,-0.6793
2034.9355,134.9319,-794.4698,-99.4697,460.0273,-0.6805
2039.4330,134.9190,-797.7857,-99.4863,460.0046,-0.6816
2043.9301,134.9066,-801.1022,-99.5025,459.9819,-0.6825
2048.4267,134.8945,-804.4192,-99.5182,459.9591,-0.6833
2052.9230,134.8829,-807.7368,-99.5335,459.9363,-0.6840
2057.4189,134.8718,-811.0548,-99.5483,459.9135,-0.6845
2061.9145,134.8610,-814.3733,-99.5626,459.8907,-0.6849
2066.4097,134.8506,-817.6923,-99.5765,459.8679,-0.6851
2070.9045,134.8406,-821.0117,-99.5899,459.8450,-0.6852
2075.3991,134.8311,-824.3316,-99.6029,459.8222,-0.6852
2079.8933,134.8219,-827.6519,-99.6154,459.7994,-0.6851
2084.3872,134.8131,-830.9726,-99.6275,459.7765,-0.6848
2088.8808,134.8047,-834.2937,-99.6391,459.7537,-0.6844
2093.3742,134.7966,-837.6152,-99.6504,459.7309,-0.6839
2097.8673,134.7890,-840.9371,-99.6611,459.7081,-0.6833
2102.3601,134.7817,-844.2593,-99.6715,459.6853,-0.6826
2106.8527,134.7747,-847.5819,-99.6814,459.6626,-0.6817
2111.3451,134.7681,-850.9047,-99.6910,459.6399,-0.6808
2115.8373,134.7619,-854.2279,-99.7000,459.6172,-0.6797
2120.3292,134.7560,-857.5514,-99.7087,459.5946,-0.6786
2124.8210,134.7504,-860.8752,-99.7170,459.5720,-0.6773
2129.3126,134.7452,-864.1992,-99.7248,459.5494,-0.6759
2133.8040,134.7403,-867.5235,-99.7322,459.5269,-0.6745
2138.2953,134.7357,-870.8480,-99.7392,459.5045,-0.6729
2142.7864,134.7314,-874.1728,-99.7458,459.4821,-0.6713
2147.2774,134.7274,-877.4977,-99.7520,459.4597,-0.6695
2151.7682,134.7237,-880.8229,-99.7578,459.4374,-0.6677
2156.2590,134.7203,-884.1482,-99.7631,459.4152,-0.6658
2160.7496,134.7171,-887.4738,-99.7681,459.3930,-0.6638
2165.2401,134.7143,-890.7994,-99.7727,459.3710,-0.6617
2169.7305,134.7117,-894.1253,-99.7768,459.3489,-0.6595
2174.2209,134.7095,-897.4512,-99.7806,459.3270,-0.6573
2178.7112,134.7074,-900.7773,-99.7840,459.3051,-0.6549
2183.2014,134.7057,-904.1035,-99.7870,459.2833,-0.6526
2187.6915,134.7041,-907.4298,-99.7896,459.2616,-0.6501
2192.1817,134.7029,-910.7561,-99.7918,459.2400,-0.6476
2196.6717,134.7019,-914.0825,-99.7937,459.2184,-0.6450
2201.1618,134.7011,-917.4090,-99.7951,459.1970,-0.6423
2205.6518,134.7006,-920.7355,-99.7962,459.1756,-0.6396
2210.1418,134.7003,-924.0621,-99.7970,459.1544,-0.6368
2214.6318,134.7002,-927.3887,-99.7973,459.1332,-0.6339
2219.1218,134.7004,-930.7153,-99.7973,459.1121,-0.6310
2223.6119,134.7008,-934.0418,-99.7969,459.0911,-0.6281
2228.1019,134.7014,-937.3684,-99.7962,459.0702,-0.6250
2232.5920,134.7022,-940.6949,-99.7951,459.0494,-0.6220
2237.0821,134.7033,-944.0214,-99.7937,459.0288,-0.6189
2241.5722,134.7046,-947.3478,-99.7919,459.0082,-0.6157
2246.0624,134.7061,-950.6742,-99.7898,458.9877,-0.6125
2250.5526,134.7078,-954.0005,-99.7874,458.9673,-0.6092
2255.0429,134.7097,-957.3267,-99.7846,458.9471,-0.6059
2259.5332,134.7118,-960.6528,-99.7815,458.9270,-0.6025
2264.0237,134.7141,-963.9788,-99.7781,458.9069,-0.5991
2268.5142,134.7167,-967.3046,-99.7743,458.8870,-0.5957
2273.0048,134.7194,-970.6304,-99.7703,458.8672,-0.5922
2277.4955,134.7224,-973.9560,-99.7659,458.8475,-0.5887
2281.9863,134.7256,-977.2814,-99.7612,458.8280,-0.5852
2286.4772,134.7289,-980.6067,-99.7563,458.8085,-0.5816
2290.9682,134.7325,-983.9318,-99.7510,458.7892,-0.5779
2295.4594,134.7363,-987.2568,-99.7454,458.7700,-0.5743
2299.9506,134.7402,-990.5815,-99.7396,458.7509,-0.5706
2304.4420,134.7444,-993.9061,-99.7335,458.7320,-0.5669
2308.9336,134.7488,-997.2304,-99.7271,458.7131,-0.5631
2313.4253,134.7533,-1000.5546,-99.7204,458.6944,-0.5594
2317.9171,134.7581,-1003.8785,-99.7135,458.6758,-0.5556
2322.4092,134.7631,-1007.2021,-99.7063,458.6574,-0.5517
2326.9014,134.7682,-1010.5255,-99.6988,458.6390,-0.5479
2331.3937,134.7736,-1013.8487,-99.6911,458.6208,-0.5440
2335.8863,134.7791,-1017.1716,-99.6831,458.6028,-0.5401
2340.3790,134.7848,-1020.4942,-99.6749,458.5848,-0.5362
2344.8719,134.7908,-1023.8166,-99.6665,458.5670,-0.5323
2349.3650,134.7969,-1027.1387,-99.6578,458.5494,-0.5283
2353.8584,134.8032,-1030.4604,-99.6488,458.5318,-0.5243
2358.3519,134.8097,-1033.7819,-99.6396,458.5144,-0.5203
2362.8457,134.8164,-1037.1031,-99.6302,458.4971,-0.5163
2367.3397,134.8233,-1040.4239,-99.6206,458.4800,-0.5123
2371.8339,134.8303,-1043.7445,-99.6108,458.4630,-0.5083
2376.3284,134.8375,-1047.0647,-99.6007,458.4461,-0.5042
2380.8231,134.8450,-1050.3845,-99.5904,458.4294,-0.5002
2385.3180,134.8525,-1053.7040,-99.5799,458.4127,-0.4961
2389.8133,134.8603,-1057.0232,-99.5692,458.3963,-0.4920
2394.3087,134.8682,-1060.3420,-99.5583,458.3799,-0.4879
2398.8045,134.8764,-1063.6604,-99.5472,458.3638,-0.4838
2403.3005,134.8846,-1066.9784,-99.5359,458.3477,-0.4797
2407.7968,134.8931,-1070.2961,-99.5243,458.3318,-0.4756
2412.2934,134.9017,-1073.6134,-99.5126,458.3160,-0.4715
2416.7902,134.9105,-1076.9303,-99.5007,458.3003,-0.4674
2421.2874,134.9194,-1080.2468,-99.4886,458.2848,-0.4633
2425.7849,134.9285,-1083.5628,-99.4763,458.2695,-0.4591
2430.2826,134.9378,-1086.8785,-99.4637,458.2542,-0.4550
2434.7807,134.9472,-1090.1938,-99.4511,458.2391,-0.4509
2439.2791,134.9567,-1093.5086,-99.4382,458.2242,-0.4468
2443.7778,134.9664,-1096.8230,-99.4251,458.2093,-0.4427
2448.2769,134.9763,-1100.1369,-99.4119,458.1946,-0.4385
2452.7763,134.9863,-1103.4504,-99.3984,458.1801,-0.4344
2457.2760,134.9964,-1106.7635,-99.3848,458.1657,-0.4303
2461.7760,135.0067,-1110.0761,-99.3710,458.1514,-0.4262
2466.2764,135.0171,-1113.3882,-99.3570,458.1373,-0.4221
2470.7772,135.0276,-1116.6999,-99.3429,458.1233,-0.4180
2475.2783,135.0383,-1120.0111,-99.3286,458.1094,-0.4139
2479.7797,135.0491,-1123.3218,-99.3141,458.0957,-0.4098
2484.2815,135.0600,-1126.6320,-99.2994,458.0821,-0.4058
2488.7837,135.0711,-1129.9417,-99.2846,458.0686,-0.4017
2493.2863,135.0823,-1133.2510,-99.2695,458.0553,-0.3976
2497.7892,135.0936,-1136.5597,-99.2544,458.0421,-0.3936
2502.2925,135.1050,-1139.8679,-99.2390,458.0291,-0.3896
2506.7962,135.1165,-1143.1756,-99.2235,458.0161,-0.3855
2511.3003,135.1281,-1146.4828,-99.2078,458.0034,-0.3815
2515.8047,135.1399,-1149.7895,-99.1919,457.9907,-0.3775
2520.3096,135.1518,-1153.0956,-99.1759,457.9782,-0.3736
2524.8149,135.1637,-1156.4012,-99.1598,457.9658,-0.3696
2529.3205,135.1758,-1159.7063,-99.1434,457.9535,-0.3656
2533.8266,135.1880,-1163.0108,-99.1269,457.9414,-0.3617
2538.3331,135.2003,-1166.3147,-99.1103,457.9294,-0.3578
2542.8399,135.2127,-1169.6181,-99.0935,457.9176,-0.3539
2547.3472,135.2252,-1172.9210,-99.0765,457.9058,-0.3500
2551.8550,135.2378,-1176.2232,-99.0594,457.8942,-0.3461
2556.3631,135.2505,-1179.5249,-99.0421,457.8828,-0.3423
2560.8717,135.2632,-1182.8260,-99.0247,457.8714,-0.3384
2565.3806,135.2761,-1186.1266,-99.0071,457.8602,-0.3346
2569.8901,135.2891,-1189.4265,-98.9893,457.8491,-0.3308
2574.3999,135.3022,-1192.7258,-98.9715,457.8382,-0.3270
2578.9102,135.3154,-1196.0246,-98.9534,457.8273,-0.3233
2583.4209,135.3286,-1199.3227,-98.9352,457.8166,-0.3195
2587.9321,135.3420,-1202.6203,-98.9169,457.8060,-0.3158
2592.4437,135.3554,-1205.9172,-98.8984,457.7956,-0.3121
2596.9558,135.3690,-1209.2135,-98.8798,457.7852,-0.3084
2601.4683,135.3826,-1212.5092,-98.8611,457.7750,-0.3048
2605.9813,135.3964,-1215.8042,-98.8422,457.7649,-0.3011
2610.4948,135.4102,-1219.0987,-98.8231,457.7549,-0.2975
2615.0087,135.4241,-1222.3924,-98.8039,457.7451,-0.2939
2619.5230,135.4381,-1225.6856,-98.7846,457.7353,-0.2903
2624.0379,135.4522,-1228.9781,-98.7652,457.7257,-0.2868
2628.5532,135.4664,-1232.2699,-98.7456,457.7162,-0.2833
2633.0690,135.4807,-1235.5611,-98.7258,457.7068,-0.2798
2637.5852,135.4950,-1238.8516,-98.7059,457.6976,-0.2763
2642.1020,135.5095,-1242.1415,-98.6859,457.6884,-0.2728
2646.6192,135.5241,-1245.4307,-98.6658,457.6794,-0.2694
2651.1369,135.5387,-1248.7192,-98.6455,457.6704,-0.2660
2655.6551,135.5535,-1252.0071,-98.6251,457.6616,-0.2626
2660.1738,135.5683,-1255.2942,-98.6045,457.6529,-0.2592
2664.6930,135.5832,-1258.5807,-98.5838,457.6444,-0.2559
2669.2127,135.5983,-1261.8665,-98.5630,457.6359,-0.2526
2673.7329,135.6134,-1265.1516,-98.5420,457.6275,-0.2493
2678.2536,135.6286,-1268.4360,-98.5209,457.6193,-0.2460
2682.7748,135.6439,-1271.7196,-98.4997,457.6111,-0.2428
2687.2965,135.6593,-1275.0026,-98.4784,457.6031,-0.2395
2691.8188,135.6748,-1278.2849,-98.4569,457.5951,-0.2364
2696.3415,135.6904,-1281.5664,-98.4352,457.5873,-0.2332
2700.8648,135.7061,-1284.8472,-98.4135,457.5796,-0.2300
2705.3886,135.7219,-1288.1273,-98.3915,457.5720,-0.2269
2709.9129,135.7378,-1291.4066,-98.3695,457.5645,-0.2238
2714.4378,135.7538,-1294.6852,-98.3473,457.5571,-0.2208
2718.9632,135.7699,-1297.9631,-98.3250,457.5498,-0.2177
2723.4891,135.7861,-1301.2402,-98.3025,457.5425,-0.2147
2728.0156,135.8025,-1304.5166,-98.2799,457.5354,-0.2117
2732.5426,135.8189,-1307.7922,-98.2572,457.5284,-0.2088
2737.0702,135.8354,-1311.0671,-98.2343,457.5215,-0.2058
2741.5983,135.8520,-1314.3412,-98.2112,457.5147,-0.2029
2746.1270,135.8687,-1317.6145,-98.1880,457.5080,-0.2001
2750.6562,135.8856,-1320.8871,-98.1647,457.5014,-0.1972
2755.1860,135.9025,-1324.1588,-98.1412,457.4948,-0.1944
2759.7164,135.9196,-1327.4298,-98.1175,457.4884,-0.1916
2764.2473,135.9368,-1330.7000,-98.0937,457.4821,-0.1888
2768.7788,135.9541,-1333.9694,-98.0698,457.4758,-0.1861
2773.3109,135.9715,-1337.2380,-98.0456,457.4697,-0.1833
2777.8436,135.9890,-1340.5058,-98.0213,457.4636,-0.1806
2782.3769,136.0066,-1343.7727,-97.9969,457.4576,-0.1780
2786.9107,136.0244,-1347.0389,-97.9722,457.4517,-0.1754
2791.4452,136.0423,-1350.3042,-97.9474,457.4459,-0.1727
2795.9802,136.0603,-1353.5687,-97.9224,457.4402,-0.1702
2800.5158,136.0784,-1356.8324,-97.8972,457.4346,-0.1676
2805.0521,136.0967,-1360.0952,-97.8719,457.4290,-0.1651
2809.5890,136.1151,-1363.3571,-97.8463,457.4236,-0.1626
2814.1264,136.1336,-1366.6183,-97.8206,457.4182,-0.1601
2818.6645,136.1523,-1369.8785,-97.7946,457.4129,-0.1577
2823.2033,136.1711,-1373.1379,-97.7684,457.4077,-0.1553
2827.7426,136.1901,-1376.3964,-97.7421,457.4025,-0.1529
2832.2826,136.2092,-1379.6540,-97.7155,457.3975,-0.1506
2836.8232,136.2285,-1382.9108,-97.6887,457.3925,-0.1482
2841.3645,136.2479,-1386.1666,-97.6616,457.3876,-0.1459
2845.9064,136.2675,-1389.4215,-97.6343,457.3828,-0.1437
2850.4490,136.2872,-1392.6756,-97.6068,457.3780,-0.1415
2854.9922,136.3071,-1395.9287,-97.5790,457.3734,-0.1393
2859.5361,136.3272,-1399.1808,-97.5510,457.3687,-0.1371
2864.0807,136.3475,-1402.4321,-97.5226,457.3642,-0.1350
2868.6260,136.3680,-1405.6823,-97.4941,457.3597,-0.1329
2873.1719,136.3887,-1408.9317,-97.4652,457.3554,-0.1308
2877.7186,136.4095,-1412.1800,-97.4360,457.3510,-0.1288
2882.2659,136.4306,-1415.4274,-97.4065,457.3468,-0.1268
2886.8139,136.4519,-1418.6738,-97.3767,457.3426,-0.1248
2891.3627,136.4734,-1421.9192,-97.3465,457.3384,-0.1229
2895.9122,136.4952,-1425.1635,-97.3160,457.3344,-0.1210
2900.4624,136.5172,-1428.4069,-97.2852,457.3304,-0.1191
2905.0133,136.5394,-1431.6492,-97.2539,457.3264,-0.1173
2909.5650,136.5620,-1434.8905,-97.2223,457.3226,-0.1155
2914.1174,136.5848,-1438.1307,-97.1903,457.3187,-0.1138
2918.6706,136.6079,-1441.3698,-97.1578,457.3150,-0.1121
2923.2246,136.6313,-1444.6079,-97.1249,457.3113,-0.1104
2927.7794,136.6550,-1447.8448,-97.0915,457.3076,-0.1088
2932.3350,136.6791,-1451.0806,-97.0576,457.3040,-0.1073
2936.8913,136.7035,-1454.3153,-97.0231,457.3005,-0.1058
2941.4485,136.7283,-1457.5488,-96.9882,457.2970,-0.1043
2946.0066,136.7535,-1460.7812,-96.9526,457.2935,-0.1029
2950.5654,136.7791,-1464.0123,-96.9164,457.2901,-0.1016
2955.1252,136.8052,-1467.2423,-96.8796,457.2867,-0.1003
2959.6858,136.8318,-1470.4710,-96.8420,457.2834,-0.0991
2964.2473,136.8588,-1473.6984,-96.8037,457.2801,-0.0980
2968.8097,136.8864,-1476.9245,-96.7646,457.2769,-0.0970
2973.3731,136.9146,-1480.1494,-96.7247,457.2737,-0.0960
2977.9374,136.9435,-1483.3728,-96.6839,457.2705,-0.0951
2982.5026,136.9730,-1486.5949,-96.6420,457.2673,-0.0944
2987.0689,137.0004,-1489.8157,-96.6021,457.2640,-0.1073
2991.6360,137.0260,-1493.0351,-96.5615,457.2601,-0.1262
2996.2040,137.0539,-1496.2530,-96.5141,457.2558,-0.1248
3000.7730,137.0879,-1499.4692,-96.4549,457.2522,-0.0831
3005.3433,137.1313,-1502.6832,-96.3799,457.2509,0.0129
3009.9152,137.1864,-1505.8943,-96.2860,457.2538,0.1728
3014.4892,137.2548,-1509.1020,-96.1703,457.2632,0.4018
3019.0657,137.3370,-1512.3054,-96.0305,457.2814,0.7018
3023.6451,137.4329,-1515.5038,-95.8648,457.3107,1.0719
3028.2280,137.5418,-1518.6961,-95.6716,457.3536,1.5087
3032.8147,137.6625,-1521.8816,-95.4504,457.4120,2.0068
3037.4056,137.7937,-1525.0591,-95.2007,457.4880,2.5596
3042.0011,137.9339,-1528.2280,-94.9230,457.5832,3.1601
3046.6013,138.0817,-1531.3870,-94.6180,457.6991,3.8004
3051.2066,138.2356,-1534.5355,-94.2871,457.8369,4.4727
3055.8171,138.3944,-1537.6726,-93.9323,457.9975,5.1690
3060.4329,138.5572,-1540.7974,-93.5557,458.1817,5.8820
3065.0542,138.7232,-1543.9094,-93.1595,458.3898,6.6052
3069.6812,138.8920,-1547.0079,-92.7460,458.6221,7.3329
3074.3137,139.0634,-1550.0923,-92.3174,458.8786,8.0602
3078.9521,139.2374,-1553.1622,-91.8759,459.1594,8.7829
3083.5963,139.4139,-1556.2172,-91.4236,459.4641,9.4971
3088.2464,139.5925,-1559.2570,-90.9626,459.7924,10.1997
3092.9024,139.7729,-1562.2813,-90.4944,460.1439,10.8879
3097.5646,139.9550,-1565.2899,-90.0205,460.5181,11.5595
3102.2328,140.1383,-1568.2826,-89.5421,460.9143,12.2130
3106.9072,140.3228,-1571.2593,-89.0601,461.3320,12.8471
3111.5877,140.5088,-1574.2199,-88.5762,461.7706,13.4609
3116.2744,140.6964,-1577.1644,-88.0914,462.2292,14.0536
3120.9675,140.8857,-1580.0927,-87.6067,462.7072,14.6250
3125.6668,141.0768,-1583.0049,-87.1229,463.2040,15.1748
3130.3726,141.2700,-1585.9009,-86.6406,463.7187,15.7031
3135.0849,141.4652,-1588.7809,-86.1603,464.2506,16.2102
3139.8037,141.6627,-1591.6450,-85.6827,464.7991,16.6965
3144.5291,141.8624,-1594.4931,-85.2079,465.3635,17.1624
3149.2612,142.0644,-1597.3255,-84.7362,465.9430,17.6085
3154.0001,142.2687,-1600.1423,-84.2681,466.5372,18.0355
3158.7458,142.4755,-1602.9434,-83.8035,467.1452,18.4441
3163.4984,142.6847,-1605.7292,-83.3425,467.7666,18.8350
3168.2581,142.8964,-1608.4997,-82.8852,468.4007,19.2090
3173.0249,143.1105,-1611.2549,-82.4317,469.0470,19.5668
3177.7988,143.3271,-1613.9951,-81.9819,469.7050,19.9094
3182.5801,143.5462,-1616.7204,-81.5357,470.3741,20.2373
3187.3686,143.7678,-1619.4309,-81.0931,471.0540,20.5515
3192.1646,143.9918,-1622.1267,-80.6540,471.7441,20.8526
3196.9681,144.2182,-1624.8079,-80.2184,472.4440,21.1414
3201.7792,144.4470,-1627.4746,-79.7861,473.1534,21.4184
3206.5979,144.6782,-1630.1270,-79.3571,473.8718,21.6845
3211.4244,144.9117,-1632.7651,-78.9313,474.5989,21.9401
3216.2587,145.1475,-1635.3891,-78.5085,475.3343,22.1859
3221.1009,145.3856,-1637.9991,-78.0885,476.0778,22.4224
3225.9511,145.6257,-1640.5950,-77.6713,476.8291,22.6501
3230.8093,145.8678,-1643.1772,-77.2567,477.5877,22.8694
3235.6757,146.1118,-1645.7455,-76.8445,478.3536,23.0808
3240.5502,146.3575,-1648.3002,-76.4347,479.1264,23.2846
3245.4329,146.6049,-1650.8412,-76.0271,479.9058,23.4812
3250.3238,146.8540,-1653.3687,-75.6217,480.6917,23.6708
3255.2231,147.1044,-1655.8827,-75.2182,481.4838,23.8538
3260.1308,147.3552,-1658.3832,-74.8162,482.2819,24.0302
3265.0468,147.6055,-1660.8704,-74.4152,483.0857,24.2001
3269.9712,147.8546,-1663.3443,-74.0150,483.8952,24.3634
3274.9038,148.1023,-1665.8048,-73.6153,484.7099,24.5204
3279.8446,148.3481,-1668.2519,-73.2160,485.5298,24.6711
3284.7936,148.5917,-1670.6858,-72.8170,486.3546,24.8156
3289.7507,148.8327,-1673.1064,-72.4180,487.1841,24.9539
3294.7158,149.0708,-1675.5137,-72.0190,488.0181,25.0862
3299.6887,149.3057,-1677.9077,-71.6199,488.8564,25.2123
3304.6694,149.5370,-1680.2883,-71.2205,489.6989,25.3325
3309.6578,149.7646,-1682.6557,-70.8207,490.5452,25.4467
3314.6537,149.9881,-1685.0097,-70.4206,491.3952,25.5549
3319.6570,150.2074,-1687.3504,-70.0200,492.2488,25.6572
3324.6675,150.4224,-1689.6777,-69.6188,493.1057,25.7537
3329.6851,150.6328,-1691.9916,-69.2171,493.9656,25.8444
3334.7096,150.8385,-1694.2922,-68.8149,494.8285,25.9293
3339.7409,151.0396,-1696.5793,-68.4120,495.6942,26.0087
3344.7789,151.2360,-1698.8530,-68.0086,496.5624,26.0824
3349.8233,151.4279,-1701.1132,-67.6047,497.4330,26.1507
3354.8740,151.6155,-1703.3600,-67.2004,498.3057,26.2137
3359.9309,151.7989,-1705.5932,-66.7958,499.1805,26.2715
3364.9939,151.9781,-1707.8130,-66.3908,500.0571,26.3242
3370.0628,152.1532,-1710.0193,-65.9855,500.9354,26.3720
3375.1374,152.3245,-1712.2120,-65.5800,501.8152,26.4150
3380.2177,152.4919,-1714.3913,-65.1743,502.6963,26.4533
3385.3035,152.6557,-1716.5570,-64.7684,503.5787,26.4871
3390.3947,152.8158,-1718.7092,-64.3623,504.4621,26.5164
3395.4912,152.9724,-1720.8478,-63.9560,505.3464,26.5414
3400.5928,153.1255,-1722.9729,-63.5496,506.2315,26.5622
3405.6995,153.2753,-1725.0844,-63.1430,507.1172,26.5790
3410.8111,153.4219,-1727.1824,-62.7363,508.0033,26.5918
3415.9276,153.5653,-1729.2669,-62.3294,508.8899,26.6009
3421.0488,153.7056,-1731.3377,-61.9225,509.7767,26.6062
3426.1746,153.8428,-1733.3950,-61.5153,510.6636,26.6079
3431.3049,153.9772,-1735.4387,-61.1081,511.5505,26.6062
3436.4397,154.1088,-1737.4689,-60.7008,512.4373,26.6012
3441.5788,154.2380,-1739.4855,-60.2935,513.3239,26.5930
3446.7222,154.3650,-1741.4885,-59.8863,514.2102,26.5817
3451.8698,154.4900,-1743.4779,-59.4792,515.0960,26.5676
3457.0215,154.6133,-1745.4537,-59.0723,515.9813,26.5507
3462.1773,154.7352,-1747.4160,-58.6656,516.8660,26.5311
3467.3372,154.8558,-1749.3648,-58.2592,517.7500,26.5091
3472.5011,154.9754,-1751.3000,-57.8531,518.6332,26.4847
3477.6689,155.0943,-1753.2217,-57.4474,519.5156,26.4580
3482.8407,155.2127,-1755.1298,-57.0422,520.3971,26.4293
3488.0164,155.3307,-1757.0245,-56.6374,521.2776,26.3985
3493.1961,155.4486,-1758.9057,-56.2332,522.1570,26.3657
3498.3796,155.5666,-1760.7734,-55.8294,523.0352,26.3312
3503.5672,155.6848,-1762.6276,-55.4263,523.9124,26.2949
3508.7586,155.8034,-1764.4685,-55.0237,524.7882,26.2569
3513.9541,155.9226,-1766.2959,-54.6218,525.6628,26.2174
3519.1535,156.0424,-1768.1099,-54.2205,526.5360,26.1764
3524.3569,156.1631,-1769.9106,-53.8198,527.4079,26.1340
3529.5644,156.2846,-1771.6979,-53.4198,528.2783,26.0903
3534.7759,156.4072,-1773.4719,-53.0205,529.1472,26.0452
3539.9915,156.5309,-1775.2326,-52.6218,530.0146,25.9989
3545.2113,156.6556,-1776.9801,-52.2238,530.8805,25.9514
3550.4352,156.7815,-1778.7142,-51.8265,531.7447,25.9027
3555.6634,156.9087,-1780.4352,-51.4298,532.6073,25.8529
3560.8958,157.0370,-1782.1429,-51.0337,533.4682,25.8020
3566.1325,157.1665,-1783.8374,-50.6383,534.3274,25.7500
3571.3736,157.2971,-1785.5188,-50.2435,535.1849,25.6969
3576.6190,157.4290,-1787.1870,-49.8492,536.0405,25.6429
3581.8689,157.5619,-1788.8421,-49.4555,536.8944,25.5878
3587.1232,157.6958,-1790.4840,-49.0624,537.7464,25.5316
3592.3819,157.8307,-1792.1129,-48.6698,538.5965,25.4745
3597.6452,157.9664,-1793.7287,-48.2777,539.4447,25.4164
3602.9130,158.1030,-1795.3314,-47.8861,540.2909,25.3572
3608.1854,158.2402,-1796.9211,-47.4949,541.1351,25.2971
3613.4624,158.3781,-1798.4977,-47.1042,541.9773,25.2359
3618.7440,158.5163,-1800.0614,-46.7138,542.8175,25.1737
3624.0302,158.6549,-1801.6120,-46.3238,543.6556,25.1105
3629.3210,158.7938,-1803.1496,-45.9341,544.4915,25.0462
3634.6164,158.9327,-1804.6743,-45.5447,545.3253,24.9809
3639.9165,159.0715,-1806.1860,-45.1556,546.1569,24.9145
3645.2212,159.2102,-1807.6847,-44.7668,546.9863,24.8470
3650.5305,159.3486,-1809.1704,-44.3782,547.8134,24.7785
3655.8444,159.4865,-1810.6432,-43.9897,548.6382,24.7089
3661.1629,159.6238,-1812.1031,-43.6015,549.4606,24.6381
3666.4860,159.7603,-1813.5500,-43.2133,550.2807,24.5663
3671.8136,159.8961,-1814.9840,-42.8253,551.0984,24.4933
3677.1457,160.0308,-1816.4050,-42.4374,551.9136,24.4192
3682.4823,160.1645,-1817.8131,-42.0496,552.7263,24.3440
3687.8233,160.2969,-1819.2083,-41.6619,553.5365,24.2676
3693.1688,160.4281,-1820.5906,-41.2741,554.3441,24.1900
3698.5185,160.5578,-1821.9599,-40.8865,555.1491,24.1113
3703.8726,160.6859,-1823.3163,-40.4988,555.9515,24.0315
3709.2309,160.8125,-1824.6598,-40.1111,556.7512,23.9505
3714.5934,160.9373,-1825.9904,-39.7234,557.5482,23.8683
3719.9600,161.0603,-1827.3081,-39.3357,558.3424,23.7850
3725.3307,161.1816,-1828.6128,-38.9479,559.1339,23.7006
3730.7054,161.3009,-1829.9046,-38.5601,559.9225,23.6150
3736.0841,161.4182,-1831.1835,-38.1722,560.7082,23.5282
3741.4666,161.5336,-1832.4494,-37.7843,561.4910,23.4404
3746.8530,161.6469,-1833.7024,-37.3963,562.2709,23.3515
3752.2431,161.7582,-1834.9425,-37.0083,563.0478,23.2614
3757.6368,161.8674,-1836.1696,-36.6202,563.8216,23.1703
3763.0342,161.9746,-1837.3838,-36.2320,564.5924,23.0781
3768.4351,162.0797,-1838.5851,-35.8438,565.3601,22.9849
3773.8395,162.1827,-1839.7734,-35.4555,566.1247,22.8907
3779.2473,162.2836,-1840.9488,-35.0671,566.8862,22.7954
3784.6584,162.3826,-1842.1112,-34.6786,567.6444,22.6992
3790.0728,162.4795,-1843.2607,-34.2901,568.3995,22.6021
3795.4903,162.5745,-1844.3972,-33.9016,569.1512,22.5040
3800.9110,162.6675,-1845.5208,-33.5129,569.8997,22.4050
3806.3348,162.7587,-1846.6314,-33.1242,570.6449,22.3051
3811.7616,162.8481,-1847.7291,-32.7355,571.3867,22.2044
3817.1913,162.9356,-1848.8138,-32.3467,572.1252,22.1028
3822.6240,163.0215,-1849.8855,-31.9579,572.8602,22.0005
3828.0594,163.1058,-1850.9443,-31.5690,573.5918,21.8974
3833.4977,163.1884,-1851.9901,-31.1801,574.3200,21.7935
3838.9386,163.2696,-1853.0230,-30.7911,575.0447,21.6890
3844.3823,163.3493,-1854.0429,-30.4021,575.7660,21.5837
3849.8286,163.4276,-1855.0498,-30.0131,576.4836,21.4778
3855.2774,163.5047,-1856.0437,-29.6241,577.1978,21.3713
3860.7289,163.5805,-1857.0247,-29.2350,577.9084,21.2642
3866.1828,163.6551,-1857.9927,-28.8459,578.6154,21.1565
3871.6392,163.7287,-1858.9478,-28.4568,579.3188,21.0482
3877.0980,163.8012,-1859.8899,-28.0676,580.0186,20.9395
3882.5593,163.8728,-1860.8190,-27.6785,580.7148,20.8302
3888.0229,163.9435,-1861.7351,-27.2893,581.4073,20.7205
3893.4888,164.0134,-1862.6383,-26.9001,582.0961,20.6103
3898.9571,164.0825,-1863.5284,-26.5108,582.7813,20.4996
3904.4277,164.1509,-1864.4056,-26.1216,583.4628,20.3886
3909.9005,164.2186,-1865.2699,-25.7323,584.1405,20.2772
3915.3756,164.2857,-1866.1211,-25.3429,584.8146,20.1654
3920.8529,164.3522,-1866.9594,-24.9536,585.4849,20.0533
3926.3324,164.4182,-1867.7847,-24.5642,586.1515,19.9408
3931.8141,164.4837,-1868.5970,-24.1747,586.8143,19.8281
3937.2979,164.5487,-1869.3963,-23.7852,587.4733,19.7150
3942.7840,164.6133,-1870.1827,-23.3956,588.1286,19.6016
3948.2722,164.6775,-1870.9561,-23.0060,588.7801,19.4880
3953.7625,164.7413,-1871.7164,-22.6163,589.4278,19.3741
3959.2549,164.8046,-1872.4638,-22.2265,590.0717,19.2600
3964.7494,164.8676,-1873.1982,-21.8366,590.7118,19.1456
3970.2461,164.9302,-1873.9196,-21.4466,591.3481,19.0310
3975.7448,164.9925,-1874.6280,-21.0566,591.9805,18.9161
3981.2456,165.0543,-1875.3233,-20.6664,592.6092,18.8011
3986.7484,165.1158,-1876.0057,-20.2761,593.2339,18.6858
3992.2533,165.1768,-1876.6751,-19.8857,593.8549,18.5703
3997.7602,165.2375,-1877.3314,-19.4952,594.4720,18.4547
4003.2691,165.2977,-1877.9748,-19.1045,595.0852,18.3388
4008.7800,165.3574,-1878.6051,-18.7137,595.6945,18.2228
4014.2929,165.4167,-1879.2223,-18.3227,596.3000,18.1066
4019.8078,165.4754,-1879.8266,-17.9315,596.9016,17.9902
4025.3246,165.5336,-1880.4178,-17.5402,597.4994,17.8736
4030.8434,165.5912,-1880.9959,-17.1487,598.0932,17.7568
4036.3640,165.6482,-1881.5610,-16.7570,598.6832,17.6399
4041.8866,165.7045,-1882.1131,-16.3651,599.2692,17.5228
4047.4110,165.7602,-1882.6520,-15.9730,599.8514,17.4056
4052.9372,165.8151,-1883.1779,-15.5807,600.4296,17.2881
4058.4653,165.8693,-1883.6907,-15.1882,601.0039,17.1706
4063.9952,165.9227,-1884.1905,-14.7954,601.5743,17.0528
4069.5268,165.9752,-1884.6771,-14.4024,602.1407,16.9349
4075.0602,166.0269,-1885.1506,-14.0092,602.7033,16.8168
4080.5953,166.0776,-1885.6110,-13.6157,603.2619,16.6986
4086.1320,166.1274,-1886.0583,-13.2220,603.8165,16.5802
4091.6704,166.1762,-1886.4925,-12.8280,604.3672,16.4617
4097.2104,166.2240,-1886.9135,-12.4337,604.9140,16.3430
4102.7520,166.2707,-1887.3214,-12.0391,605.4567,16.2242
4108.2951,166.3163,-1887.7161,-11.6443,605.9956,16.1052
4113.8398,166.3608,-1888.0977,-11.2492,606.5304,15.9861
4119.3858,166.4041,-1888.4661,-10.8537,607.0613,15.8669
4124.9334,166.4463,-1888.8213,-10.4579,607.5882,15.7475
4130.4823,166.4872,-1889.1633,-10.0619,608.1111,15.6280
4136.0325,166.5269,-1889.4921,-9.6655,608.6301,15.5084
4141.5840,166.5653,-1889.8076,-9.2688,609.1450,15.3889
4147.1368,166.6025,-1890.1100,-8.8719,609.6560,15.2694
4152.6908,166.6383,-1890.3991,-8.4747,610.1630,15.1501
4158.2460,166.6727,-1890.6750,-8.0774,610.6660,15.0311
4163.8023,166.7058,-1890.9376,-7.6800,611.1651,14.9123
4169.3597,166.7376,-1891.1869,-7.2826,611.6602,14.7937
4174.9182,166.7679,-1891.4231,-6.8853,612.1513,14.6755
4180.4776,166.7969,-1891.6460,-6.4882,612.6385,14.5575
4186.0379,166.8244,-1891.8556,-6.0915,613.1218,14.4399
4191.5992,166.8506,-1892.0521,-5.6954,613.6012,14.3225
4197.1613,166.8754,-1892.2353,-5.3000,614.0767,14.2054
4202.7242,166.8989,-1892.4054,-4.9056,614.5482,14.0885
4208.2879,166.9210,-1892.5624,-4.5123,615.0159,13.9718
4213.8523,166.9417,-1892.7063,-4.1203,615.4797,13.8553
4219.4173,166.9612,-1892.8371,-3.7299,615.9396,13.7388
4224.9830,166.9794,-1892.9549,-3.3412,616.3956,13.6224
4230.5493,166.9963,-1893.0599,-2.9545,616.8477,13.5060
4236.1161,167.0121,-1893.1519,-2.5700,617.2960,13.3895
4241.6834,167.0266,-1893.2312,-2.1879,617.7404,13.2728
4247.2512,167.0401,-1893.2978,-1.8083,618.1809,13.1560
4252.8194,167.0524,-1893.3518,-1.4315,618.6174,13.0389
4258.3880,167.0637,-1893.3933,-1.0577,619.0501,12.9215
4263.9569,167.0740,-1893.4223,-0.6869,619.4789,12.8037
4269.5262,167.0833,-1893.4391,-0.3195,619.9037,12.6854
4275.0958,167.0917,-1893.4437,0.0446,620.3246,12.5667
4280.6657,167.0992,-1893.4362,0.4051,620.7415,12.4474
4286.2358,167.1060,-1893.4167,0.7619,621.1544,12.3275
4291.8061,167.1119,-1893.3854,1.1150,621.5633,12.2070
4297.3766,167.1171,-1893.3424,1.4643,621.9682,12.0858
4302.9472,167.1216,-1893.2878,1.8096,622.3690,11.9638
4308.5180,167.1255,-1893.2218,2.1510,622.7658,11.8411
4314.0889,167.1288,-1893.1445,2.4883,623.1584,11.7176
4319.6599,167.1315,-1893.0560,2.8216,623.5469,11.5932
4325.2310,167.1336,-1892.9564,3.1508,623.9313,11.4680
4330.8021,167.1353,-1892.8460,3.4759,624.3114,11.3420
4336.3733,167.1365,-1892.7247,3.7970,624.6874,11.2151
4341.9446,167.1373,-1892.5929,4.1140,625.0591,11.0872
4347.5158,167.1376,-1892.4505,4.4269,625.4265,10.9585
4353.0871,167.1376,-1892.2978,4.7358,625.7897,10.8289
4358.6583,167.1372,-1892.1348,5.0408,626.1485,10.6984
4364.2295,167.1365,-1891.9618,5.3420,626.5029,10.5670
4369.8007,167.1354,-1891.7788,5.6393,626.8529,10.4347
4375.3719,167.1341,-1891.5859,5.9327,627.1985,10.3016
4380.9430,167.1325,-1891.3833,6.2223,627.5397,10.1675
4386.5141,167.1305,-1891.1711,6.5082,627.8763,10.0326
4392.0850,167.1284,-1890.9495,6.7907,628.2085,9.8969
4397.6560,167.1259,-1890.7184,7.0699,628.5361,9.7606
4403.2268,167.1231,-1890.4782,7.3461,628.8592,9.6237
4408.7975,167.1201,-1890.2287,7.6197,629.1777,9.4865
4414.3681,167.1167,-1889.9702,7.8909,629.4916,9.3492
4419.9386,167.1130,-1889.7027,8.1599,629.8010,9.2118
4425.5090,167.1089,-1889.4262,8.4271,630.1058,9.0745
4431.0792,167.1044,-1889.1409,8.6927,630.4059,8.9374
4436.6493,167.0996,-1888.8467,8.9569,630.7016,8.8008
4442.2192,167.0943,-1888.5438,9.2199,630.9927,8.6648
4447.7889,167.0886,-1888.2321,9.4820,631.2792,8.5294
4453.3584,167.0825,-1887.9117,9.7433,631.5613,8.3948
4458.9277,167.0759,-1887.5825,10.0038,631.8389,8.2610
4464.4968,167.0688,-1887.2447,10.2638,632.1121,8.1281
4470.0656,167.0612,-1886.8983,10.5233,632.3808,7.9962
4475.6342,167.0531,-1886.5432,10.7823,632.6451,7.8654
4481.2025,167.0445,-1886.1795,11.0409,632.9052,7.7356
4486.7705,167.0354,-1885.8071,11.2991,633.1609,7.6070
4492.3382,167.0258,-1885.4262,11.5570,633.4123,7.4794
4497.9055,167.0156,-1885.0367,11.8145,633.6595,7.3530
4503.4725,167.0048,-1884.6386,12.0717,633.9025,7.2278
4509.0392,166.9936,-1884.2319,12.3284,634.1414,7.1037
4514.6054,166.9818,-1883.8167,12.5847,634.3761,6.9807
4520.1713,166.9694,-1883.3929,12.8406,634.6068,6.8588
4525.7367,166.9565,-1882.9607,13.0960,634.8334,6.7381
4531.3017,166.9430,-1882.5199,13.3508,635.0560,6.6185
4536.8663,166.9290,-1882.0706,13.6051,635.2746,6.4999
4542.4303,166.9145,-1881.6129,13.8587,635.4893,6.3824
4547.9939,166.8994,-1881.1467,14.1118,635.7001,6.2660
4553.5569,166.8838,-1880.6721,14.3641,635.9071,6.1506
4559.1195,166.8677,-1880.1891,14.6157,636.1102,6.0363
4564.6814,166.8511,-1879.6977,14.8665,636.3095,5.9229
4570.2429,166.8340,-1879.1980,15.1166,636.5051,5.8105
4575.8037,166.8163,-1878.6900,15.3658,636.6969,5.6991
4581.3640,166.7982,-1878.1736,15.6142,636.8850,5.5886
4586.9236,166.7795,-1877.6490,15.8617,637.0695,5.4791
4592.4826,166.7604,-1877.1162,16.1084,637.2503,5.3706
4598.0409,166.7409,-1876.5751,16.3541,637.4275,5.2629
4603.5986,166.7208,-1876.0259,16.5990,637.6012,5.1563
4609.1557,166.7004,-1875.4686,16.8428,637.7713,5.0505
4614.7120,166.6794,-1874.9031,17.0858,637.9379,4.9456
4620.2676,166.6581,-1874.3295,17.3278,638.1010,4.8417
4625.8225,166.6363,-1873.7479,17.5688,638.2607,4.7387
4631.3767,166.6141,-1873.1583,17.8089,638.4169,4.6366
4636.9301,166.5916,-1872.5607,18.0480,638.5698,4.5354
4642.4828,166.5686,-1871.9551,18.2861,638.7193,4.4351
4648.0347,166.5452,-1871.3416,18.5233,638.8655,4.3357
4653.5858,166.5215,-1870.7202,18.7594,639.0083,4.2372
4659.1361,166.4975,-1870.0910,18.9946,639.1479,4.1396
4664.6856,166.4730,-1869.4539,19.2288,639.2843,4.0430
4670.2343,166.4483,-1868.8091,19.4620,639.4175,3.9472
4675.7822,166.4232,-1868.1565,19.6942,639.5475,3.8523
4681.3292,166.3979,-1867.4961,19.9254,639.6743,3.7584
4686.8754,166.3722,-1866.8281,20.1556,639.7980,3.6653
4692.4207,166.3462,-1866.1524,20.3849,639.9187,3.5732
4697.9651,166.3200,-1865.4691,20.6131,640.0363,3.4820
4703.5087,166.2934,-1864.7782,20.8403,640.1508,3.3916
4709.0513,166.2667,-1864.0798,21.0666,640.2624,3.3022
4714.5931,166.2397,-1863.3738,21.2918,640.3710,3.2136
4720.1340,166.2124,-1862.6603,21.5160,640.4766,3.1260
4725.6739,166.1849,-1861.9394,21.7392,640.5794,3.0392
4731.2130,166.1572,-1861.2111,21.9614,640.6793,2.9534
4736.7511,166.1293,-1860.4753,22.1826,640.7763,2.8684
4742.2883,166.1012,-1859.7322,22.4028,640.8705,2.7843
4747.8245,166.0729,-1858.9818,22.6220,640.9619,2.7011
4753.3598,166.0444,-1858.2241,22.8401,641.0506,2.6188
4758.8941,166.0158,-1857.4592,23.0572,641.1365,2.5374
4764.4275,165.9870,-1856.6870,23.2733,641.2197,2.4568
4769.9599,165.9580,-1855.9076,23.4884,641.3003,2.3771
4775.4914,165.9288,-1855.1211,23.7025,641.3782,2.2982
4781.0218,165.8996,-1854.3275,23.9155,641.4535,2.2202
4786.5513,165.8701,-1853.5267,24.1274,641.5263,2.1431
4792.0798,165.8406,-1852.7190,24.3384,641.5964,2.0668
4797.6074,165.8109,-1851.9042,24.5483,641.6641,1.9914
4803.1339,165.7811,-1851.0824,24.7571,641.7292,1.9168
4808.6594,165.7512,-1850.2537,24.9649,641.7918,1.8430
4814.1840,165.7211,-1849.4181,25.1717,641.8521,1.7701
4819.7075,165.6910,-1848.5756,25.3774,641.9099,1.6980
4825.2301,165.6607,-1847.7263,25.5820,641.9653,1.6267
4830.7516,165.6304,-1846.8702,25.7856,642.0183,1.5563
4836.2721,165.5999,-1846.0073,25.9881,642.0690,1.4866
4841.7916,165.5694,-1845.1376,26.1896,642.1174,1.4178
4847.3100,165.5388,-1844.2613,26.3900,642.1636,1.3497
4852.8275,165.5080,-1843.3783,26.5893,642.2074,1.2825
4858.3439,165.4772,-1842.4887,26.7876,642.2491,1.2160
4863.8593,165.4464,-1841.5925,26.9848,642.2885,1.1503
4869.3737,165.4154,-1840.6897,27.1809,642.3258,1.0854
4874.8870,165.3843,-1839.7805,27.3760,642.3609,1.0213
4880.3993,165.3532,-1838.8647,27.5699,642.3939,0.9579
4885.9105,165.3220,-1837.9425,27.7629,642.4247,0.8953
4891.4207,165.2907,-1837.0138,27.9547,642.4536,0.8335
4896.9299,165.2594,-1836.0788,28.1454,642.4803,0.7724
4902.4380,165.2280,-1835.1375,28.3351,642.5051,0.7120
4907.9451,165.1965,-1834.1898,28.5237,642.5278,0.6524
4913.4511,165.1650,-1833.2359,28.7112,642.5486,0.5935
4918.9561,165.1334,-1832.2758,28.8977,642.5674,0.5354
4924.4600,165.1017,-1831.3094,29.0830,642.5843,0.4779
4929.9629,165.0700,-1830.3369,29.2673,642.5992,0.4212
4935.4647,165.0382,-1829.3583,29.4505,642.6123,0.3652
4940.9654,165.0064,-1828.3736,29.6326,642.6236,0.3099
4946.4651,164.9746,-1827.3828,29.8136,642.6330,0.2553
4951.9637,164.9426,-1826.3860,29.9935,642.6406,0.2014
4957.4613,164.9107,-1825.3832,30.1724,642.6465,0.1482
4962.9578,164.8787,-1824.3745,30.3502,642.6505,0.0956
4968.4532,164.8467,-1823.3599,30.5269,642.6528,0.0438
4973.9476,164.8146,-1822.3394,30.7025,642.6534,-0.0075
4979.4409,164.7825,-1821.3131,30.8770,642.6523,-0.0580
4984.9331,164.7503,-1820.2810,31.0505,642.6496,-0.1079
4990.4242,164.7182,-1819.2431,31.2228,642.6452,-0.1571
4995.9143,164.6860,-1818.1994,31.3941,642.6391,-0.2057
5001.4033,164.6538,-1817.1501,31.5644,642.6315,-0.2536
5006.8912,164.6216,-1816.0952,31.7335,642.6222,-0.3010
5012.3780,164.5893,-1815.0346,31.9016,642.6114,-0.3477
5017.8638,164.5571,-1813.9684,32.0686,642.5990,-0.3937
5023.3485,164.5249,-1812.8967,32.2345,642.5852,-0.4392
5028.8321,164.4926,-1811.8195,32.3994,642.5698,-0.4840
5034.3147,164.4604,-1810.7367,32.5632,642.5529,-0.5283
5039.7962,164.4282,-1809.6486,32.7259,642.5346,-0.5719
5045.2766,164.3959,-1808.5550,32.8876,642.5148,-0.6149
5050.7559,164.3637,-1807.4561,33.0482,642.4936,-0.6574
5056.2342,164.3316,-1806.3518,33.2077,642.4710,-0.6993
5061.7113,164.2994,-1805.2423,33.3662,642.4470,-0.7406
5067.1874,164.2673,-1804.1274,33.5236,642.4216,-0.7813
5072.6625,164.2352,-1803.0074,33.6800,642.3949,-0.8215
5078.1365,164.2032,-1801.8821,33.8354,642.3668,-0.8611
5083.6094,164.1711,-1800.7517,33.9897,642.3375,-0.9002
5089.0812,164.1392,-1799.6161,34.1429,642.3068,-0.9387
5094.5520,164.1073,-1798.4755,34.2951,642.2749,-0.9766
5100.0217,164.0754,-1797.3298,34.4463,642.2417,-1.0141
5105.4903,164.0436,-1796.1791,34.5964,642.2073,-1.0510
5110.9579,164.0119,-1795.0234,34.7455,642.1717,-1.0874
5116.4245,163.9802,-1793.8627,34.8935,642.1348,-1.1232
5121.8899,163.9486,-1792.6972,35.0406,642.0968,-1.1586
5127.3544,163.9171,-1791.5267,35.1866,642.0576,-1.1934
5132.8178,163.8857,-1790.3514,35.3316,642.0172,-1.2278
5138.2801,163.8543,-1789.1713,35.4756,641.9757,-1.2616
5143.7414,163.8231,-1787.9864,35.6186,641.9331,-1.2950
5149.2016,163.7919,-1786.7967,35.7605,641.8894,-1.3279
5154.6608,163.7608,-1785.6023,35.9015,641.8446,-1.3603
5160.1190,163.7298,-1784.4033,36.0414,641.7987,-1.3922
5165.5762,163.6989,-1783.1996,36.1804,641.7518,-1.4237
5171.0323,163.6681,-1781.9913,36.3183,641.7038,-1.4546
5176.4874,163.6374,-1780.7784,36.4553,641.6548,-1.4852
5181.9414,163.6068,-1779.5609,36.5913,641.6048,-1.5153
5187.3945,163.5764,-1778.3390,36.7263,641.5538,-1.5449
5192.8465,163.5460,-1777.1125,36.8603,641.5018,-1.5741
5198.2976,163.5157,-1775.8816,36.9933,641.4489,-1.6028
5203.7476,163.4856,-1774.6463,37.1254,641.3950,-1.6312
5209.1966,163.4556,-1773.4066,37.2565,641.3401,-1.6591
5214.6446,163.4257,-1772.1626,37.3866,641.2844,-1.6865
5220.0917,163.3959,-1770.9142,37.5158,641.2277,-1.7136
5225.5377,163.3663,-1769.6615,37.6440,641.1701,-1.7402
5230.9827,163.3367,-1768.4046,37.7713,641.1117,-1.7665
5236.4268,163.3073,-1767.1434,37.8976,641.0524,-1.7923
5241.8699,163.2780,-1765.8781,38.0230,640.9922,-1.8178
5247.3120,163.2489,-1764.6086,38.1474,640.9312,-1.8429
5252.7532,163.2199,-1763.3350,38.2709,640.8694,-1.8675
5258.1933,163.1910,-1762.0572,38.3934,640.8067,-1.8918
5263.6326,163.1622,-1760.7754,38.5151,640.7432,-1.9157
5269.0708,163.1335,-1759.4896,38.6358,640.6790,-1.9393
5274.5081,163.1050,-1758.1997,38.7556,640.6140,-1.9625
5279.9445,163.0767,-1756.9059,38.8744,640.5482,-1.9853
5285.3799,163.0484,-1755.6081,38.9924,640.4816,-2.0078
5290.8144,163.0203,-1754.3064,39.1094,640.4143,-2.0299
5296.2479,162.9923,-1753.0008,39.2256,640.3463,-2.0517
5301.6805,162.9645,-1751.6913,39.3408,640.2775,-2.0731
5307.1122,162.9368,-1750.3781,39.4552,640.2081,-2.0942
5312.5430,162.9092,-1749.0610,39.5686,640.1379,-2.1149
5317.9728,162.8817,-1747.7402,39.6812,640.0671,-2.1354
5323.4018,162.8544,-1746.4156,39.7929,639.9956,-2.1555
5328.8298,162.8273,-1745.0873,39.9037,639.9234,-2.1753
5334.2569,162.8002,-1743.7554,40.0136,639.8506,-2.1947
5339.6832,162.7733,-1742.4198,40.1227,639.7771,-2.2139
5345.1085,162.7465,-1741.0805,40.2309,639.7030,-2.2328
5350.5329,162.7199,-1739.7377,40.3383,639.6282,-2.2513
5355.9565,162.6934,-1738.3913,40.4448,639.5529,-2.2696
5361.3791,162.6670,-1737.0414,40.5505,639.4769,-2.2875
5366.8009,162.6408,-1735.6880,40.6553,639.4004,-2.3052
5372.2219,162.6147,-1734.3311,40.7593,639.3233,-2.3226
5377.6419,162.5887,-1732.9707,40.8624,639.2455,-2.3397
5383.0611,162.5629,-1731.6069,40.9647,639.1673,-2.3565
5388.4794,162.5372,-1730.2397,41.0662,639.0884,-2.3731
5393.8969,162.5116,-1728.8692,41.1669,639.0091,-2.3894
5399.3136,162.4862,-1727.4953,41.2667,638.9292,-2.4054
5404.7293,162.4609,-1726.1181,41.3658,638.8487,-2.4212
5410.1443,162.4357,-1724.7376,41.4640,638.7677,-2.4367
5415.5584,162.4107,-1723.3538,41.5614,638.6863,-2.4520
5420.9717,162.3858,-1721.9668,41.6581,638.6043,-2.4670
5426.3841,162.3611,-1720.5766,41.7539,638.5218,-2.4818
5431.7957,162.3365,-1719.1832,41.8490,638.4388,-2.4963
5437.2065,162.3120,-1717.7867,41.9433,638.3554,-2.5106
5442.6165,162.2876,-1716.3870,42.0368,638.2715,-2.5246
5448.0257,162.2634,-1714.9842,42.1296,638.1871,-2.5384
5453.4341,162.2394,-1713.5784,42.2216,638.1022,-2.5520
5458.8417,162.2155,-1712.1695,42.3128,638.0170,-2.5654
5464.2485,162.1917,-1710.7575,42.4033,637.9312,-2.5785
5469.6545,162.1680,-1709.3426,42.4930,637.8451,-2.5915
5475.0597,162.1445,-1707.9247,42.5820,637.7585,-2.6042
5480.4641,162.1211,-1706.5038,42.6703,637.6714,-2.6167
5485.8678,162.0979,-1705.0800,42.7578,637.5840,-2.6290
5491.2706,162.0748,-1703.6533,42.8446,637.4962,-2.6411
5496.6727,162.0518,-1702.2237,42.9307,637.4079,-2.6530
5502.0741,162.0290,-1700.7913,43.0161,637.3193,-2.6647
5507.4747,162.0063,-1699.3560,43.1008,637.2303,-2.6762
5512.8745,161.9838,-1697.9179,43.1847,637.1409,-2.6876
5518.2736,161.9614,-1696.4770,43.2680,637.0511,-2.6987
5523.6719,161.9391,-1695.0334,43.3506,636.9610,-2.7096
5529.0695,161.9170,-1693.5870,43.4325,636.8705,-2.7204
5534.4664,161.8950,-1692.1379,43.5137,636.7796,-2.7310
5539.8625,161.8732,-1690.6861,43.5942,636.6884,-2.7414
5545.2580,161.8515,-1689.2316,43.6741,636.5969,-2.7517
5550.6526,161.8299,-1687.7745,43.7533,636.5050,-2.7617
5556.0466,161.8085,-1686.3147,43.8318,636.4128,-2.7716
5561.4399,161.7872,-1684.8523,43.9097,636.3202,-2.7814
5566.8324,161.7660,-1683.3874,43.9873,636.2273,-2.7897
5572.2243,161.7449,-1681.9199,44.0644,636.1342,-2.7974
5577.6154,161.7240,-1680.4498,44.1404,636.0408,-2.8068
5583.0059,161.7035,-1678.9772,44.2148,635.9471,-2.8195
5588.3957,161.6834,-1677.5021,44.2874,635.8528,-2.8368
5593.7848,161.6637,-1676.0247,44.3580,635.7579,-2.8596
5599.1732,161.6445,-1674.5450,44.4266,635.6621,-2.8882
5604.5611,161.6258,-1673.0630,44.4930,635.5653,-2.9229
5609.9483,161.6076,-1671.5788,44.5574,635.4672,-2.9637
5615.3349,161.5898,-1670.0925,44.6198,635.3676,-3.0104
5620.7210,161.5725,-1668.6042,44.6803,635.2664,-3.0625
5626.1064,161.5556,-1667.1138,44.7392,635.1634,-3.1196
5631.4913,161.5391,-1665.6216,44.7965,635.0584,-3.1810
5636.8757,161.5229,-1664.1274,44.8525,634.9513,-3.2464
5642.2595,161.5070,-1662.6314,44.9072,634.8420,-3.3148
5647.6428,161.4914,-1661.1336,44.9610,634.7303,-3.3856
5653.0256,161.4761,-1659.6340,45.0139,634.6162,-3.4583
5658.4079,161.4609,-1658.1327,45.0662,634.4997,-3.5321
5663.7897,161.4459,-1656.6296,45.1180,634.3807,-3.6064
5669.1710,161.4310,-1655.1248,45.1694,634.2593,-3.6808
5674.5518,161.4162,-1653.6183,45.2205,634.1354,-3.7546
5679.9321,161.4015,-1652.1101,45.2715,634.0090,-3.8273
5685.3119,161.3869,-1650.6002,45.3225,633.8802,-3.8986
5690.6912,161.3723,-1649.0886,45.3735,633.7491,-3.9681
5696.0700,161.3578,-1647.5753,45.4247,633.6157,-4.0355
5701.4484,161.3433,-1646.0603,45.4760,633.4801,-4.1005
5706.8262,161.3288,-1644.5436,45.5276,633.3424,-4.1629
5712.2036,161.3142,-1643.0251,45.5794,633.2026,-4.2225
5717.5805,161.2996,-1641.5050,45.6315,633.0609,-4.2793
5722.9569,161.2850,-1639.9830,45.6839,632.9173,-4.3331
5728.3329,161.2704,-1638.4594,45.7366,632.7720,-4.3840
5733.7083,161.2556,-1636.9339,45.7895,632.6251,-4.4319
5739.0832,161.2408,-1635.4067,45.8428,632.4766,-4.4769
5744.4577,161.2259,-1633.8777,45.8962,632.3267,-4.5190
5749.8316,161.2110,-1632.3470,45.9500,632.1754,-4.5582
5755.2051,161.1959,-1630.8144,46.0039,632.0228,-4.5948
5760.5780,161.1807,-1629.2800,46.0580,631.8691,-4.6287
5765.9505,161.1655,-1627.7439,46.1122,631.7143,-4.6601
5771.3224,161.1501,-1626.2059,46.1666,631.5584,-4.6891
5776.6938,161.1346,-1624.6661,46.2211,631.4017,-4.7159
5782.0647,161.1191,-1623.1245,46.2756,631.2441,-4.7404
5787.4351,161.1034,-1621.5811,46.3302,631.0857,-4.7629
5792.8049,161.0876,-1620.0358,46.3849,630.9266,-4.7835
5798.1742,161.0716,-1618.4887,46.4395,630.7668,-4.8023
5803.5430,161.0556,-1616.9398,46.4941,630.6064,-4.8194
5808.9113,161.0395,-1615.3891,46.5487,630.4455,-4.8348
5814.2790,161.0233,-1613.8366,46.6032,630.2841,-4.8488
5819.6462,161.0070,-1612.2822,46.6577,630.1223,-4.8613
5825.0128,160.9905,-1610.7261,46.7121,629.9601,-4.8724
5830.3789,160.9740,-1609.1681,46.7665,629.7975,-4.8823
5835.7444,160.9574,-1607.6083,46.8207,629.6346,-4.8910
5841.1093,160.9408,-1606.0467,46.8749,629.4714,-4.8985
5846.4738,160.9240,-1604.4833,46.9290,629.3080,-4.9048
5851.8376,160.9072,-1602.9181,46.9830,629.1444,-4.9102
5857.2009,160.8904,-1601.3511,47.0369,628.9807,-4.9145
5862.5636,160.8735,-1599.7823,47.0907,628.8168,-4.9178
5867.9258,160.8565,-1598.2117,47.1445,628.6529,-4.9201
5873.2874,160.8395,-1596.6394,47.1981,628.4888,-4.9215
5878.6484,160.8224,-1595.0652,47.2518,628.3248,-4.9220
5884.0089,160.8053,-1593.4892,47.3054,628.1607,-4.9216
5889.3688,160.7882,-1591.9115,47.3589,627.9967,-4.9204
5894.7281,160.7711,-1590.3320,47.4124,627.8327,-4.9183
5900.0869,160.7539,-1588.7507,47.4659,627.6688,-4.9153
5905.4450,160.7368,-1587.1676,47.5194,627.5050,-4.9115
5910.8027,160.7196,-1585.5827,47.5730,627.3414,-4.9070
5916.1597,160.7024,-1583.9961,47.6265,627.1779,-4.9015
5921.5161,160.6853,-1582.4076,47.6801,627.0146,-4.8954
5926.8720,160.6681,-1580.8174,47.7337,626.8515,-4.8884
5932.2274,160.6509,-1579.2254,47.7875,626.6887,-4.8806
5937.5821,160.6338,-1577.6316,47.8413,626.5262,-4.8721
5942.9363,160.6166,-1576.0359,47.8952,626.3639,-4.8629
5948.2899,160.5994,-1574.4385,47.9493,626.2020,-4.8529
5953.6429,160.5823,-1572.8393,48.0035,626.0404,-4.8422
5958.9954,160.5651,-1571.2383,48.0579,625.8792,-4.8308
5964.3472,160.5479,-1569.6355,48.1125,625.7183,-4.8187
5969.6985,160.5308,-1568.0308,48.1674,625.5579,-4.8060
5975.0493,160.5136,-1566.4243,48.2225,625.3980,-4.7926
5980.3995,160.4963,-1564.8160,48.2779,625.2384,-4.7785
5985.7490,160.4791,-1563.2058,48.3336,625.0794,-4.7638
5991.0981,160.4618,-1561.5937,48.3896,624.9209,-4.7486
5996.4465,160.4445,-1559.9798,48.4461,624.7628,-4.7327
6001.7944,160.4271,-1558.3640,48.5029,624.6053,-4.7163
6007.1416,160.4096,-1556.7463,48.5603,624.4484,-4.6994
6012.4883,160.3920,-1555.1266,48.6182,624.2921,-4.6819
6017.8344,160.3743,-1553.5050,48.6766,624.1363,-4.6639
6023.1799,160.3564,-1551.8815,48.7358,623.9811,-4.6455
6028.5249,160.3384,-1550.2560,48.7956,623.8266,-4.6266
6033.8692,160.3205,-1548.6285,48.8556,623.6728,-4.6011
6039.2129,160.3025,-1546.9989,48.9159,623.5199,-4.5722
6044.5560,160.2835,-1545.3674,48.9773,623.3679,-4.5520
6049.8984,160.2636,-1543.7338,49.0400,623.2162,-4.5495
6055.2402,160.2429,-1542.0981,49.1032,623.0643,-4.5713
6060.5813,160.2218,-1540.4602,49.1653,622.9112,-4.6216
6065.9217,160.2010,-1538.8204,49.2247,622.7558,-4.7035
6071.2614,160.1815,-1537.1787,49.2782,622.5972,-4.8244
6076.6005,160.1628,-1535.5352,49.3264,622.4339,-4.9769
6081.9389,160.1444,-1533.8903,49.3714,622.2651,-5.1505
6087.2767,160.1257,-1532.2438,49.4151,622.0904,-5.3368
6092.6140,160.1065,-1530.5959,49.4592,621.9093,-5.5285
6097.9505,160.0865,-1528.9465,49.5059,621.7218,-5.7201
6103.2864,160.0655,-1527.2955,49.5564,621.5280,-5.9072
6108.6215,160.0434,-1525.6427,49.6121,621.3281,-6.0864
6113.9559,160.0200,-1523.9880,49.6740,621.1224,-6.2551
6119.2895,159.9953,-1522.3310,49.7430,620.9112,-6.4116
6124.6223,159.9692,-1520.6717,49.8197,620.6950,-6.5551
6129.9541,159.9415,-1519.0096,49.9045,620.4743,-6.6852
6135.2850,159.9121,-1517.3446,49.9976,620.2495,-6.8019
6140.6149,159.8810,-1515.6764,50.0989,620.0210,-6.9056
6145.9437,159.8480,-1514.0046,50.2083,619.7893,-6.9973
6151.2714,159.8132,-1512.3291,50.3254,619.5547,-7.0779
6156.5979,159.7765,-1510.6495,50.4500,619.3175,-7.1485
6161.9232,159.7379,-1508.9656,50.5816,619.0782,-7.2103
6167.2471,159.6973,-1507.2773,50.7196,618.8369,-7.2647
6172.5696,159.6549,-1505.5843,50.8634,618.5939,-7.3129
6177.8907,159.6107,-1503.8864,51.0124,618.3495,-7.3563
6183.2103,159.5646,-1502.1834,51.1662,618.1036,-7.3959
6188.5283,159.5168,-1500.4752,51.3244,617.8564,-7.4327
6193.8447,159.4674,-1498.7617,51.4863,617.6081,-7.4677
6199.1595,159.4164,-1497.0428,51.6515,617.3586,-7.5020
6204.4725,159.3639,-1495.3182,51.8196,617.1080,-7.5362
6209.7837,159.3099,-1493.5881,51.9901,616.8562,-7.5710
6215.0931,159.2545,-1491.8522,52.1629,616.6032,-7.6070
6220.4007,159.1979,-1490.1105,52.3377,616.3490,-7.6445
6225.7063,159.1399,-1488.3630,52.5141,616.0936,-7.6841
6231.0100,159.0807,-1486.6096,52.6920,615.8367,-7.7260
6236.3117,159.0204,-1484.8502,52.8714,615.5785,-7.7704
6241.6113,158.9589,-1483.0848,53.0519,615.3187,-7.8174
6246.9089,158.8963,-1481.3134,53.2337,615.0573,-7.8671
6252.2044,158.8326,-1479.5359,53.4165,614.7942,-7.9197
6257.4978,158.7679,-1477.7523,53.6005,614.5293,-7.9750
6262.7889,158.7021,-1475.9625,53.7855,614.2625,-8.0331
6268.0779,158.6353,-1474.1666,53.9716,613.9937,-8.0939
6273.3646,158.5675,-1472.3644,54.1587,613.7228,-8.1574
6278.6490,158.4988,-1470.5560,54.3470,613.4498,-8.2233
6283.9312,158.4290,-1468.7413,54.5364,613.1746,-8.2917
6289.2110,158.3583,-1466.9202,54.7269,612.8970,-8.3624
6294.4884,158.2866,-1465.0928,54.9186,612.6171,-8.4354
6299.7634,158.2139,-1463.2589,55.1115,612.3347,-8.5104
6305.0360,158.1404,-1461.4187,55.3056,612.0497,-8.5874
6310.3061,158.0659,-1459.5719,55.5010,611.7621,-8.6662
6315.5737,157.9905,-1457.7186,55.6976,611.4719,-8.7468
6320.8388,157.9143,-1455.8587,55.8955,611.1790,-8.8291
6326.1013,157.8371,-1453.9922,56.0947,610.8833,-8.9130
6331.3612,157.7591,-1452.1190,56.2951,610.5848,-8.9983
6336.6186,157.6803,-1450.2392,56.4969,610.2834,-9.0851
6341.8733,157.6007,-1448.3526,56.6999,609.9791,-9.1733
6347.1253,157.5202,-1446.4592,56.9041,609.6718,-9.2627
6352.3746,157.4390,-1444.5590,57.1096,609.3616,-9.3533
6357.6212,157.3570,-1442.6519,57.3163,609.0483,-9.4452
6362.8650,157.2742,-1440.7378,57.5243,608.7319,-9.5382
6368.1061,157.1907,-1438.8169,57.7333,608.4124,-9.6323
6373.3444,157.1065,-1436.8889,57.9436,608.0897,-9.7275
6378.5799,157.0215,-1434.9540,58.1549,607.7639,-9.8237
6383.8125,156.9359,-1433.0119,58.3674,607.4348,-9.9210
6389.0423,156.8496,-1431.0628,58.5808,607.1025,-10.0193
6394.2691,156.7626,-1429.1065,58.7954,606.7668,-10.1186
6399.4931,156.6750,-1427.1431,59.0109,606.4279,-10.2188
6404.7141,156.5867,-1425.1725,59.2274,606.0856,-10.3201
6409.9322,156.4978,-1423.1946,59.4448,605.7399,-10.4223
6415.1473,156.4082,-1421.2095,59.6631,605.3907,-10.5255
6420.3594,156.3180,-1419.2171,59.8823,605.0381,-10.6296
6425.5685,156.2272,-1417.2173,60.1024,604.6821,-10.7347
6430.7746,156.1357,-1415.2102,60.3232,604.3225,-10.8407
6435.9776,156.0436,-1413.1958,60.5449,603.9593,-10.9477
6441.1775,155.9509,-1411.1739,60.7673,603.5926,-11.0556
6446.3743,155.8575,-1409.1446,60.9905,603.2223,-11.1644
6451.5680,155.7635,-1407.1078,61.2144,602.8483,-11.2741
6456.7585,155.6689,-1405.0636,61.4390,602.4707,-11.3848
6461.9459,155.5736,-1403.0119,61.6643,602.0893,-11.4964
6467.1301,155.4776,-1400.9527,61.8902,601.7042,-11.6089
6472.3110,155.3810,-1398.8859,62.1168,601.3154,-11.7222
6477.4888,155.2838,-1396.8115,62.3439,600.9228,-11.8365
6482.6633,155.1858,-1394.7296,62.5717,600.5263,-11.9516
6487.8345,155.0872,-1392.6401,62.8000,600.1260,-12.0677
6493.0024,154.9879,-1390.5429,63.0288,599.7218,-12.1845
6498.1670,154.8878,-1388.4382,63.2582,599.3137,-12.3023
6503.3283,154.7871,-1386.3257,63.4881,598.9016,-12.4209
6508.4862,154.6857,-1384.2056,63.7185,598.4856,-12.5403
6513.6406,154.5835,-1382.0778,63.9493,598.0656,-12.6605
6518.7917,154.4806,-1379.9423,64.1806,597.6415,-12.7816
6523.9393,154.3770,-1377.7991,64.4123,597.2135,-12.9035
6529.0835,154.2726,-1375.6482,64.6444,596.7813,-13.0261
6534.2242,154.1675,-1373.4895,64.8769,596.3450,-13.1495
6539.3613,154.0616,-1371.3230,65.1098,595.9047,-13.2737
6544.4949,153.9549,-1369.1488,65.3430,595.4601,-13.3987
6549.6250,153.8474,-1366.9668,65.5766,595.0114,-13.5244
6554.7514,153.7392,-1364.7770,65.8105,594.5585,-13.6508
6559.8742,153.6302,-1362.5795,66.0446,594.1013,-13.7780
6564.9934,153.5204,-1360.3741,66.2791,593.6399,-13.9058
6570.1089,153.4099,-1358.1609,66.5139,593.1743,-14.0343
6575.2207,153.2985,-1355.9398,66.7488,592.7043,-14.1636
6580.3288,153.1863,-1353.7109,66.9841,592.2300,-14.2934
6585.4332,153.0734,-1351.4742,67.2195,591.7514,-14.4240
6590.5337,152.9596,-1349.2296,67.4552,591.2684,-14.5552
6595.6305,152.8451,-1346.9772,67.6910,590.7811,-14.6870
6600.7234,152.7297,-1344.7169,67.9270,590.2893,-14.8194
6605.8124,152.6136,-1342.4487,68.1632,589.7931,-14.9524
6610.8976,152.4967,-1340.1727,68.3996,589.2925,-15.0860
6615.9789,152.3790,-1337.8887,68.6361,588.7874,-15.2202
6621.0562,152.2605,-1335.5969,68.8727,588.2778,-15.3550
6626.1296,152.1413,-1333.2972,69.1095,587.7637,-15.4903
6631.1989,152.0214,-1330.9896,69.3464,587.2451,-15.6262
6636.2643,151.9008,-1328.6741,69.5834,586.7219,-15.7627
6641.3257,151.7794,-1326.3507,69.8206,586.1942,-15.8996
6646.3829,151.6573,-1324.0194,70.0579,585.6619,-16.0371
6651.4361,151.5346,-1321.6802,70.2952,585.1251,-16.1751
6656.4852,151.4112,-1319.3331,70.5327,584.5836,-16.3136
6661.5302,151.2871,-1316.9780,70.7703,584.0375,-16.4527
6666.5710,151.1623,-1314.6151,71.0079,583.4868,-16.5922
6671.6077,151.0369,-1312.2442,71.2457,582.9313,-16.7322
6676.6401,150.9108,-1309.8653,71.4835,582.3713,-16.8726
6681.6684,150.7842,-1307.4786,71.7214,581.8065,-17.0135
6686.6924,150.6569,-1305.0839,71.9594,581.2370,-17.1549
6691.7122,150.5289,-1302.6813,72.1974,580.6628,-17.2968
6696.7277,150.4004,-1300.2708,72.4356,580.0839,-17.4390
6701.7389,150.2713,-1297.8523,72.6737,579.5002,-17.5817
6706.7458,150.1416,-1295.4258,72.9119,578.9118,-17.7249
6711.7483,150.0112,-1292.9915,73.1502,578.3186,-17.8684
6716.7465,149.8804,-1290.5492,73.3885,577.7206,-18.0124
6721.7403,149.7489,-1288.0989,73.6269,577.1177,-18.1567
6726.7297,149.6169,-1285.6407,73.8653,576.5101,-18.3015
6731.7148,149.4843,-1283.1745,74.1037,575.8976,-18.4467
6736.6954,149.3512,-1280.7005,74.3422,575.2803,-18.5922
6741.6715,149.2175,-1278.2184,74.5806,574.6581,-18.7381
6746.6432,149.0833,-1275.7284,74.8191,574.0311,-18.8844
6751.6104,148.9485,-1273.2305,75.0576,573.3992,-19.0311
6756.5731,148.8133,-1270.7246,75.2962,572.7624,-19.1781
6761.5313,148.6775,-1268.2107,75.5347,572.1206,-19.3255
6766.4849,148.5411,-1265.6889,75.7732,571.4740,-19.4732
6771.4340,148.4043,-1263.1592,76.0118,570.8224,-19.6213
6776.3785,148.2670,-1260.6215,76.2503,570.1659,-19.7697
6781.3185,148.1291,-1258.0758,76.4888,569.5044,-19.9184
6786.2538,147.9908,-1255.5222,76.7274,568.8380,-20.0674
6791.1845,147.8520,-1252.9607,76.9659,568.1666,-20.2168
6796.1106,147.7127,-1250.3912,77.2044,567.4902,-20.3665
6801.0320,147.5729,-1247.8137,77.4428,566.8088,-20.5164
6805.9488,147.4326,-1245.2283,77.6813,566.1225,-20.6667
6810.8608,147.2918,-1242.6349,77.9197,565.4311,-20.8173
6815.7682,147.1506,-1240.0337,78.1581,564.7346,-20.9681
6820.6709,147.0089,-1237.4244,78.3964,564.0332,-21.1193
6825.5688,146.8667,-1234.8072,78.6347,563.3267,-21.2707
6830.4620,146.7241,-1232.1821,78.8730,562.6151,-21.4224
6835.3504,146.5811,-1229.5490,79.1113,561.8985,-21.5744
6840.2341,146.4375,-1226.9080,79.3494,561.1768,-21.7266
6845.1129,146.2936,-1224.2591,79.5876,560.4501,-21.8791
6849.9870,146.1492,-1221.6022,79.8257,559.7182,-22.0318
6854.8562,146.0043,-1218.9374,80.0637,558.9813,-22.1848
6859.7206,145.8590,-1216.2646,80.3016,558.2392,-22.3380
6864.5801,145.7133,-1213.5839,80.5396,557.4921,-22.4915
6869.4348,145.5671,-1210.8953,80.7774,556.7398,-22.6452
6874.2846,145.4205,-1208.1988,81.0152,555.9824,-22.7991
6879.1295,145.2735,-1205.4943,81.2529,555.2199,-22.9533
6883.9695,145.1261,-1202.7819,81.4905,554.4522,-23.1076
6888.8046,144.9782,-1200.0616,81.7281,553.6793,-23.2622
6893.6347,144.8300,-1197.3334,81.9655,552.9014,-23.4170
6898.4599,144.6813,-1194.5972,82.2029,552.1182,-23.5721
6903.2801,144.5322,-1191.8532,82.4403,551.3299,-23.7273
6908.0954,144.3827,-1189.1012,82.6775,550.5364,-23.8827
6912.9056,144.2328,-1186.3413,82.9146,549.7377,-24.0383
6917.7109,144.0824,-1183.5736,83.1517,548.9338,-24.1941
6922.5111,143.9317,-1180.7979,83.3886,548.1248,-24.3501
6927.3063,143.7806,-1178.0143,83.6255,547.3105,-24.5063
6932.0965,143.6291,-1175.2229,83.8623,546.4910,-24.6626
6936.8816,143.4772,-1172.4235,84.0989,545.6663,-24.8192
6941.6616,143.3248,-1169.6163,84.3355,544.8364,-24.9759
6946.4366,143.1721,-1166.8011,84.5720,544.0013,-25.1327
6951.2064,143.0191,-1163.9781,84.8083,543.1609,-25.2898
6955.9712,142.8656,-1161.1473,85.0445,542.3153,-25.4470
6960.7308,142.7117,-1158.3085,85.2807,541.4644,-25.6044
6965.4853,142.5575,-1155.4619,85.5167,540.6083,-25.7619
6970.2346,142.4029,-1152.6074,85.7526,539.7469,-25.9196
6974.9788,142.2479,-1149.7450,85.9884,538.8803,-26.0774
6979.7178,142.0925,-1146.8748,86.2241,538.0085,-26.2354
6984.4516,141.9367,-1143.9968,86.4596,537.1313,-26.3935
6989.1802,141.7806,-1141.1109,86.6950,536.2489,-26.5518
6993.9037,141.6241,-1138.2171,86.9303,535.3612,-26.7102
6998.6218,141.4672,-1135.3155,87.1655,534.4682,-26.8687
7003.3348,141.3100,-1132.4061,87.4006,533.5699,-27.0274
7008.0425,141.1524,-1129.4888,87.6355,532.6664,-27.1862
7012.7450,140.9944,-1126.5637,87.8703,531.7575,-27.3451
7017.4421,140.8360,-1123.6308,88.1049,530.8434,-27.5042
7022.1340,140.6773,-1120.6900,88.3394,529.9239,-27.6633
7026.8206,140.5183,-1117.7415,88.5738,528.9991,-27.8226
7031.5019,140.3588,-1114.7851,88.8080,528.0691,-27.9820
7036.1779,140.1990,-1111.8210,89.0421,527.1337,-28.1416
7040.8485,140.0389,-1108.8490,89.2761,526.1930,-28.3012
7045.5138,139.8784,-1105.8692,89.5099,525.2469,-28.4609
7050.1737,139.7175,-1102.8817,89.7435,524.2956,-28.6208
7054.8283,139.5563,-1099.8863,89.9771,523.3389,-28.7807
7059.4775,139.3948,-1096.8832,90.2104,522.3769,-28.9408
7064.1213,139.2329,-1093.8723,90.4436,521.4095,-29.1010
7068.7597,139.0706,-1090.8536,90.6767,520.4368,-29.2612
7073.3926,138.9080,-1087.8272,90.9096,519.4587,-29.4216
7078.0202,138.7450,-1084.7930,91.1423,518.4753,-29.5820
7082.6423,138.5817,-1081.7510,91.3749,517.4866,-29.7425
7087.2590,138.4181,-1078.7013,91.6074,516.4925,-29.9032
7091.8702,138.2541,-1075.6439,91.8396,515.4931,-30.0639
7096.4759,138.0897,-1072.5787,92.0718,514.4883,-30.2247
7101.0761,137.9251,-1069.5057,92.3037,513.4781,-30.3855
7105.6709,137.7600,-1066.4251,92.5355,512.4626,-30.5465
7110.2601,137.5947,-1063.3367,92.7671,511.4417,-30.7075
7114.8439,137.4290,-1060.2406,92.9986,510.4154,-30.8686
7119.4221,137.2629,-1057.1368,93.2298,509.3837,-31.0298
7123.9947,137.0966,-1054.0253,93.4609,508.3467,-31.1911
7128.5618,136.9299,-1050.9061,93.6918,507.3043,-31.3524
7133.1234,136.7629,-1047.7792,93.9226,506.2566,-31.5139
7137.6794,136.5955,-1044.6446,94.1531,505.2034,-31.6753
7142.2298,136.4278,-1041.5023,94.3835,504.1449,-31.8369
7146.7745,136.2598,-1038.3524,94.6136,503.0809,-31.9986
7151.3137,136.0916,-1035.1947,94.8433,502.0116,-32.1604
7155.8473,135.9228,-1032.0294,95.0732,500.9369,-32.3221
7160.3752,135.7532,-1028.8565,95.3038,499.8568,-32.4833
7164.8975,135.5824,-1025.6759,95.5357,498.7714,-32.6438
7169.4141,135.4101,-1022.4875,95.7694,497.6806,-32.8032
7173.9248,135.2359,-1019.2912,96.0055,496.5845,-32.9611
7178.4298,135.0594,-1016.0871,96.2449,495.4832,-33.1172
7182.9288,134.8801,-1012.8748,96.4881,494.3767,-33.2709
7187.4217,134.6976,-1009.6545,96.7359,493.2652,-33.4220
7191.9086,134.5117,-1006.4257,96.9888,492.1486,-33.5701
7196.3891,134.3218,-1003.1885,97.2473,491.0272,-33.7149
7200.8633,134.1278,-999.9425,97.5119,489.9010,-33.8561
7205.3309,133.9293,-996.6876,97.7830,488.7702,-33.9935
7209.7919,133.7260,-993.4236,98.0609,487.6348,-34.1269
7214.2460,133.5178,-990.1502,98.3458,486.4951,-34.2561
7218.6930,133.3044,-986.8671,98.6380,485.3511,-34.3810
7223.1329,133.0858,-983.5742,98.9376,484.2031,-34.5014
7227.5653,132.8617,-980.2712,99.2445,483.0511,-34.6174
7231.9902,132.6320,-976.9578,99.5589,481.8953,-34.7289
7236.4074,132.3968,-973.6338,99.8806,480.7359,-34.8359
7240.8166,132.1560,-970.2990,100.2096,479.5729,-34.9383
7245.2177,131.9094,-966.9531,100.5457,478.4067,-35.0363
7249.6105,131.6572,-963.5959,100.8889,477.2372,-35.1299
7253.9948,131.3993,-960.2271,101.2389,476.0647,-35.2191
7258.3704,131.1357,-956.8466,101.5956,474.8893,-35.3040
7262.7371,130.8665,-953.4540,101.9587,473.7112,-35.3847
7267.0948,130.5917,-950.0493,102.3281,472.5304,-35.4613
7271.4432,130.3113,-946.6321,102.7035,471.3472,-35.5338
7275.7822,130.0253,-943.2023,103.0848,470.1615,-35.6023
7280.1115,129.7338,-939.7597,103.4717,468.9737,-35.6670
7284.4310,129.4368,-936.3041,103.8641,467.7838,-35.7278
7288.7406,129.1344,-932.8354,104.2617,466.5919,-35.7850
7293.0399,128.8265,-929.3533,104.6643,465.3982,-35.8384
7297.3289,128.5133,-925.8577,105.0718,464.2027,-35.8883
7301.6074,128.1947,-922.3484,105.4841,463.0056,-35.9347
7305.8752,127.8707,-918.8254,105.9009,461.8071,-35.9776
7310.1321,127.5413,-915.2883,106.3220,460.6072,-36.0172
7314.3779,127.2067,-911.7372,106.7475,459.4060,-36.0533
7318.6124,126.8667,-908.1718,107.1770,458.2037,-36.0862
7322.8356,126.5213,-904.5920,107.6106,457.0003,-36.1158
7327.0471,126.1707,-900.9977,108.0480,455.7960,-36.1422
7331.2469,125.8147,-897.3888,108.4891,454.5908,-36.1654
7335.4347,125.4533,-893.7651,108.9339,453.3850,-36.1855
7339.6104,125.0866,-890.1265,109.3822,452.1785,-36.2024
7343.7738,124.7145,-886.4729,109.8339,450.9715,-36.2162
7347.9246,124.3370,-882.8042,110.2890,449.7641,-36.2269
7352.0628,123.9541,-879.1202,110.7473,448.5564,-36.2346
7356.1882,123.5657,-875.4210,111.2087,447.3485,-36.2393
7360.3005,123.1719,-871.7063,111.6731,446.1405,-36.2409
7364.3996,122.7727,-867.9761,112.1405,444.9325,-36.2396
7368.4853,122.3679,-864.2302,112.6107,443.7246,-36.2353
7372.5574,121.9576,-860.4687,113.0837,442.5168,-36.2280
7376.6157,121.5418,-856.6913,113.5593,441.3094,-36.2179
7380.6601,121.1205,-852.8980,114.0375,440.1023,-36.2048
7384.6904,120.6936,-849.0888,114.5181,438.8958,-36.1888
7388.7063,120.2611,-845.2634,115.0012,437.6898,-36.1700
7392.7077,119.8230,-841.4220,115.4865,436.4845,-36.1483
7396.6944,119.3792,-837.5643,115.9739,435.2799,-36.1238
7400.6663,118.9299,-833.6904,116.4634,434.0762,-36.0965
7404.6230,118.4749,-829.8001,116.9550,432.8735,-36.0664
7408.5645,118.0143,-825.8934,117.4483,431.6719,-36.0335
7412.4906,117.5480,-821.9702,117.9435,430.4713,-35.9980
7416.4010,117.0760,-818.0304,118.4403,429.2720,-35.9597
7420.2956,116.5984,-814.0741,118.9388,428.0740,-35.9187
7424.1742,116.1151,-810.1012,119.4386,426.8775,-35.8751
7428.0365,115.6261,-806.1115,119.9399,425.6824,-35.8288
7431.8825,115.1314,-802.1052,120.4424,424.4889,-35.7800
7435.7119,114.6310,-798.0820,120.9461,423.2971,-35.7285
7439.5245,114.1249,-794.0421,121.4508,422.1070,-35.6745
7443.3202,113.6131,-789.9853,121.9565,420.9188,-35.6180
7447.0987,113.0957,-785.9116,122.4631,419.7325,-35.5589
7450.8598,112.5725,-781.8211,122.9704,418.5483,-35.4974
7454.6034,112.0437,-777.7136,123.4784,417.3661,-35.4334
7458.3293,111.5092,-773.5892,123.9869,416.1861,-35.3670
7462.0373,110.9690,-769.4478,124.4959,415.0083,-35.2982
7465.7272,110.4231,-765.2894,125.0052,413.8329,-35.2271
7469.3988,109.8716,-761.1141,125.5148,412.6598,-35.1536
7473.0519,109.3144,-756.9218,126.0245,411.4893,-35.0777
7476.6863,108.7515,-752.7125,126.5343,410.3214,-34.9996
7480.3019,108.1831,-748.4862,127.0440,409.1560,-34.9192
7483.8985,107.6090,-744.2429,127.5536,407.9934,-34.8366
7487.4758,107.0293,-739.9826,128.0629,406.8336,-34.7518
7491.0337,106.4440,-735.7053,128.5719,405.6767,-34.6648
7494.5720,105.8531,-731.4111,129.0804,404.5227,-34.5757
7498.0905,105.2566,-727.1000,129.5884,403.3716,-34.4844
7501.5891,104.6546,-722.7719,130.0957,402.2237,-34.3910
7505.0674,104.0470,-718.4270,130.6024,401.0789,-34.2955
7508.5255,103.4339,-714.0651,131.1082,399.9374,-34.1980
7511.9630,102.8153,-709.6864,131.6130,398.7991,-34.0985
7515.3798,102.1912,-705.2909,132.1169,397.6642,-33.9970
7518.7756,101.5616,-700.8786,132.6196,396.5326,-33.8935
7522.1505,100.9266,-696.4496,133.1212,395.4046,-33.7881
7525.5040,100.2862,-692.0039,133.6214,394.2801,-33.6808
7528.8361,99.6403,-687.5415,134.1203,393.1592,-33.5715
7532.1467,98.9891,-683.0626,134.6177,392.0420,-33.4605
7535.4354,98.3325,-678.5670,135.1135,390.9286,-33.3476
7538.7021,97.6705,-674.0550,135.6076,389.8189,-33.2328
7541.9467,97.0033,-669.5266,136.1001,388.7131,-33.1163
7545.1689,96.3308,-664.9817,136.5906,387.6112,-32.9981
7548.3687,95.6530,-660.4205,137.0793,386.5132,-32.8781
7551.5457,94.9701,-655.8431,137.5658,385.4193,-32.7565
7554.6999,94.2820,-651.2495,138.0503,384.3295,-32.6332
7557.8311,93.5887,-646.6398,138.5326,383.2438,-32.5083
7560.9391,92.8904,-642.0140,139.0125,382.1623,-32.3818
7564.0238,92.1870,-637.3723,139.4901,381.0850,-32.2537
7567.0849,91.4785,-632.7147,139.9653,380.0120,-32.1241
7570.1223,90.7650,-628.0413,140.4379,378.9434,-31.9929
7573.1358,90.0466,-623.3522,140.9079,377.8792,-31.8603
7576.1253,89.3232,-618.6475,141.3752,376.8194,-31.7261
7579.0906,88.5949,-613.9272,141.8398,375.7641,-31.5906
7582.0316,87.8616,-609.1915,142.3015,374.7134,-31.4535
7584.9480,87.1236,-604.4405,142.7602,373.6672,-31.3151
7587.8398,86.3807,-599.6742,143.2160,372.6257,-31.1753
7590.7067,85.6330,-594.8928,143.6688,371.5889,-31.0341
7593.5486,84.8806,-590.0963,144.1183,370.5568,-30.8917
7596.3653,84.1235,-585.2849,144.5647,369.5295,-30.7478
7599.1568,83.3617,-580.4587,145.0078,368.5070,-30.6028
7601.9227,82.5953,-575.6178,145.4475,367.4893,-30.4564
7604.6631,81.8243,-570.7623,145.8837,366.4765,-30.3088
7607.3776,81.0488,-565.8923,146.3165,365.4687,-30.1600
7610.0663,80.2687,-561.0079,146.7457,364.4659,-30.0101
7612.7288,79.4842,-556.1092,147.1712,363.4681,-29.8589
7615.3652,78.6953,-551.1965,147.5931,362.4753,-29.7066
7617.9752,77.9020,-546.2697,148.0111,361.4876,-29.5533
7620.5586,77.1045,-541.3291,148.4253,360.5051,-29.3988
7623.1154,76.3026,-536.3748,148.8356,359.5277,-29.2432
7625.6454,75.4965,-531.4068,149.2418,358.5556,-29.0867
7628.1485,74.6862,-526.4254,149.6441,357.5886,-28.9291
7630.6244,73.8719,-521.4306,150.0422,356.6270,-28.7705
7633.0732,73.0534,-516.4226,150.4362,355.6706,-28.6110
7635.4946,72.2309,-511.4015,150.8259,354.7196,-28.4505
7637.8886,71.4045,-506.3676,151.2113,353.7739,-28.2891
7640.2549,70.5741,-501.3208,151.5924,352.8336,-28.1268
7642.5935,69.7399,-496.2615,151.9690,351.8988,-27.9637
7644.9042,68.9018,-491.1896,152.3412,350.9694,-27.7997
7647.1869,68.0600,-486.1054,152.7089,350.0455,-27.6349
7649.4414,67.2145,-481.0091,153.0719,349.1271,-27.4693
7651.6678,66.3653,-475.9007,153.4304,348.2142,-27.3029
7653.8658,65.5125,-470.7804,153.7841,347.3069,-27.1358
7656.0353,64.6562,-465.6485,154.1331,346.4052,-26.9680
7658.1761,63.7964,-460.5050,154.4773,345.5090,-26.7994
7660.2883,62.9332,-455.3500,154.8167,344.6186,-26.6302
7662.3716,62.0666,-450.1839,155.1511,343.7337,-26.4603
7664.4260,61.1966,-445.0067,155.4806,342.8545,-26.2898
7666.4514,60.3235,-439.8186,155.8051,341.9811,-26.1187
7668.4476,59.4471,-434.6197,156.1246,341.1133,-25.9469
7670.4145,58.5675,-429.4103,156.4390,340.2513,-25.7747
7672.3520,57.6849,-424.1905,156.7483,339.3950,-25.6018
7674.2601,56.7993,-418.9605,157.0523,338.5445,-25.4285
7676.1386,55.9107,-413.7204,157.3512,337.6998,-25.2546
7677.9875,55.0191,-408.4705,157.6448,336.8609,-25.0803
7679.8065,54.1248,-403.2108,157.9331,336.0278,-24.9055
7681.5957,53.2276,-397.9417,158.2161,335.2005,-24.7303
7683.3550,52.3277,-392.6631,158.4937,334.3791,-24.5546
7685.0842,51.4252,-387.3755,158.7659,333.5635,-24.3786
7686.7833,50.5200,-382.0788,159.0327,332.7538,-24.2021
7688.4522,49.6123,-376.7734,159.2939,331.9501,-24.0254
7690.0908,48.7021,-371.4593,159.5497,331.1522,-23.8483
7691.6990,47.7894,-366.1368,159.7998,330.3602,-23.6708
7693.2767,46.8744,-360.8060,160.0444,329.5741,-23.4931
7694.8239,45.9571,-355.4672,160.2834,328.7940,-23.3151
7696.3405,45.0375,-350.1205,160.5168,328.0198,-23.1369
7697.8264,44.1158,-344.7662,160.7444,327.2515,-22.9584
7699.2815,43.1920,-339.4043,160.9664,326.4892,-22.7796
7700.7058,42.2663,-334.0351,161.1826,325.7329,-22.6000
7702.0993,41.3391,-328.6588,161.3931,324.9826,-22.4195
7703.4618,40.4104,-323.2756,161.5978,324.2383,-22.2376
7704.7933,39.4807,-317.8857,161.7966,323.5001,-22.0540
7706.0938,38.5502,-312.4893,161.9897,322.7680,-21.8686
7707.3633,37.6193,-307.0865,162.1768,322.0422,-21.6809
7708.6017,36.6883,-301.6775,162.3580,321.3226,-21.4909
7709.8092,35.7577,-296.2627,162.5333,320.6095,-21.2983
7710.9856,34.8281,-290.8421,162.7029,319.9028,-21.1029
7712.1311,33.9000,-285.4159,162.8671,319.2027,-20.9047
7713.2456,32.9739,-279.9843,163.0262,318.5092,-20.7036
7714.3294,32.0505,-274.5475,163.1805,317.8224,-20.4995
7715.3824,31.1303,-269.1057,163.3305,317.1426,-20.2923
7716.4048,30.2141,-263.6589,163.4764,316.4697,-20.0821
7717.3967,29.3025,-258.2073,163.6185,315.8038,-19.8687
7718.3583,28.3959,-252.7510,163.7571,315.1451,-19.6523
7719.2898,27.4952,-247.2902,163.8925,314.4937,-19.4329
7720.1914,26.6007,-241.8249,164.0251,313.8496,-19.2104
7721.0633,25.7132,-236.3552,164.1549,313.2130,-18.9849
7721.9057,24.8331,-230.8812,164.2824,312.5840,-18.7565
7722.7189,23.9610,-225.4031,164.4075,311.9626,-18.5253
7723.5032,23.0974,-219.9208,164.5304,311.3490,-18.2914
7724.2588,22.2427,-214.4344,164.6512,310.7432,-18.0547
7724.9861,21.3973,-208.9440,164.7700,310.1454,-17.8155
7725.6854,20.5617,-203.4497,164.8869,309.5556,-17.5738
7726.3570,19.7362,-197.9516,165.0021,308.9738,-17.3297
7727.0013,18.9211,-192.4496,165.1155,308.4003,-17.0835
7727.6185,18.1168,-186.9439,165.2275,307.8349,-16.8352
7728.2092,17.3235,-181.4345,165.3382,307.2779,-16.5849
7728.7736,16.5415,-175.9214,165.4476,306.7293,-16.3327
7729.3121,15.7710,-170.4046,165.5558,306.1891,-16.0789
7729.8251,15.0120,-164.8843,165.6629,305.6574,-15.8236
7730.3130,14.2648,-159.3605,165.7688,305.1342,-15.5669
7730.7762,13.5295,-153.8331,165.8733,304.6196,-15.3089
7731.2151,12.8061,-148.3023,165.9766,304.1136,-15.0499
7731.6301,12.0948,-142.7680,166.0783,303.6163,-14.7898
7732.0216,11.3956,-137.2304,166.1785,303.1277,-14.5290
7732.3899,10.7084,-131.6895,166.2769,302.6477,-14.2675
7732.7356,10.0333,-126.1453,166.3735,302.1765,-14.0055
7733.0590,9.3704,-120.5979,166.4681,301.7140,-13.7432
7733.3604,8.7195,-115.0474,166.5605,301.2603,-13.4806
7733.6404,8.0805,-109.4939,166.6506,300.8153,-13.2180
7733.8993,7.4536,-103.9374,166.7382,300.3791,-12.9555
7734.1374,6.8385,-98.3781,166.8232,299.9516,-12.6931
7734.3553,6.2352,-92.8159,166.9053,299.5329,-12.4312
7734.5532,5.6436,-87.2511,166.9845,299.1228,-12.1699
7734.7317,5.0636,-81.6836,167.0605,298.7215,-11.9093
7734.8909,4.4952,-76.1137,167.1332,298.3289,-11.6495
7735.0315,3.9383,-70.5415,167.2025,297.9449,-11.3907
7735.1536,3.3927,-64.9669,167.2682,297.5695,-11.1328
7735.2578,2.8581,-59.3903,167.3303,297.2027,-10.8763
7735.3443,2.3346,-53.8116,167.3885,296.8444,-10.6211
7735.4135,1.8220,-48.2311,167.4429,296.4946,-10.3674
7735.4659,1.3201,-42.6488,167.4933,296.1532,-10.1151
7735.5017,0.8289,-37.0649,167.5397,295.8202,-9.8645
7735.5212,0.3481,-31.4795,167.5822,295.4956,-9.6156
7735.5250,-0.1224,-25.8928,167.6209,295.1792,-9.3685
7735.5132,-0.5827,-20.3049,167.6560,294.8710,-9.1233
7735.4862,-1.0331,-14.7158,167.6876,294.5709,-8.8801
7735.4444,-1.4736,-9.1257,167.7159,294.2790,-8.6390
7735.3881,-1.9045,-3.5348,167.7409,293.9950,-8.4000
7735.3176,-2.3259,2.0570,167.7628,293.7189,-8.1632
7735.2332,-2.7380,7.6494,167.7817,293.4507,-7.9286
7735.1351,-3.1409,13.2424,167.7978,293.1903,-7.6963
7735.0239,-3.5347,18.8359,167.8111,292.9376,-7.4664
7734.8996,-3.9198,24.4298,167.8218,292.6925,-7.2388
7734.7626,-4.2961,30.0240,167.8299,292.4550,-7.0138
7734.6133,-4.6639,35.6184,167.8356,292.2249,-6.7912
7734.4518,-5.0233,41.2130,167.8389,292.0022,-6.5711
7734.2785,-5.3745,46.8076,167.8399,291.7868,-6.3536
7734.0936,-5.7176,52.4023,167.8388,291.5786,-6.1387
7733.8974,-6.0528,57.9969,167.8357,291.3776,-5.9264
7733.6902,-6.3801,63.5913,167.8305,291.1835,-5.7168
7733.4722,-6.6999,69.1855,167.8234,290.9964,-5.5099
7733.2436,-7.0122,74.7795,167.8145,290.8161,-5.3057
7733.0048,-7.3171,80.3732,167.8038,290.6427,-5.1042
7732.7559,-7.6148,85.9664,167.7915,290.4758,-4.9054
7732.4972,-7.9055,91.5592,167.7775,290.3156,-4.7095
7732.2289,-8.1891,97.1516,167.7620,290.1618,-4.5163
7731.9513,-8.4660,102.7434,167.7450,290.0145,-4.3258
7731.6646,-8.7362,108.3345,167.7265,289.8734,-4.1383
7731.3690,-8.9998,113.9251,167.7068,289.7386,-3.9535
7731.0647,-9.2571,119.5150,167.6857,289.6098,-3.7716
7730.7519,-9.5080,125.1041,167.6634,289.4871,-3.5925
7730.4309,-9.7527,130.6925,167.6398,289.3703,-3.4162
7730.1018,-9.9914,136.2801,167.6152,289.2593,-3.2428
7729.7648,-10.2242,141.8669,167.5894,289.1541,-3.0723
7729.4202,-10.4511,147.4527,167.5627,289.0545,-2.9046
7729.0682,-10.6724,153.0377,167.5349,288.9604,-2.7398
7728.7088,-10.8881,158.6217,167.5062,288.8718,-2.5778
7728.3424,-11.0983,164.2048,167.4766,288.7885,-2.4187
7727.9690,-11.3032,169.7868,167.4461,288.7105,-2.2624
7727.5889,-11.5028,175.3678,167.4148,288.6377,-2.1090
7727.2022,-11.6973,180.9478,167.3827,288.5699,-1.9584
7726.8091,-11.8867,186.5267,167.3499,288.5071,-1.8106
7726.4098,-12.0713,192.1044,167.3166,288.4491,-1.6657
7726.0044,-12.2511,197.6811,167.2829,288.3960,-1.5235
7725.5931,-12.4262,203.2566,167.2491,288.3475,-1.3841
7725.1760,-12.5967,208.8310,167.2154,288.3037,-1.2474
7724.7534,-12.7628,214.4043,167.1818,288.2643,-1.1135
7724.3252,-12.9246,219.9765,167.1486,288.2294,-0.9823
7723.8918,-13.0821,225.5476,167.1158,288.1988,-0.8538
7723.4531,-13.2355,231.1176,167.0837,288.1725,-0.7279
7723.0095,-13.3849,236.6865,167.0524,288.1503,-0.6046
7722.5609,-13.5304,242.2544,167.0220,288.1321,-0.4839
7722.1075,-13.6720,247.8213,166.9926,288.1180,-0.3658
7721.6494,-13.8099,253.3872,166.9643,288.1077,-0.2502
7721.1869,-13.9442,258.9523,166.9371,288.1013,-0.1371
7720.7199,-14.0750,264.5164,166.9113,288.0986,-0.0265
7720.2486,-14.2023,270.0797,166.8868,288.0995,0.0817
7719.7731,-14.3262,275.6422,166.8638,288.1040,0.1874
7719.2935,-14.4468,281.2040,166.8422,288.1120,0.2908
7718.8100,-14.5642,286.7650,166.8221,288.1233,0.3918
7718.3226,-14.6785,292.3255,166.8035,288.1380,0.4905
7717.8315,-14.7897,297.8853,166.7864,288.1560,0.5869
7717.3367,-14.8980,303.4446,166.7709,288.1771,0.6810
7716.8383,-15.0033,309.0034,166.7569,288.2014,0.7729
7716.3365,-15.1058,314.5617,166.7445,288.2286,0.8626
7715.8313,-15.2055,320.1197,166.7335,288.2589,0.9501
7715.3228,-15.3024,325.6773,166.7240,288.2920,1.0354
7714.8111,-15.3967,331.2346,166.7159,288.3279,1.1186
7714.2964,-15.4883,336.7917,166.7092,288.3665,1.1996
7713.7786,-15.5774,342.3486,166.7038,288.4078,1.2786
7713.2579,-15.6640,347.9053,166.6997,288.4517,1.3555
7712.7344,-15.7481,353.4619,166.6967,288.4982,1.4304
7712.2081,-15.8298,359.0184,166.6949,288.5471,1.5032
7711.6791,-15.9091,364.5749,166.6941,288.5984,1.5740
7711.1475,-15.9862,370.1314,166.6942,288.6520,1.6429
7710.6134,-16.0609,375.6879,166.6952,288.7079,1.7098
7710.0768,-16.1334,381.2444,166.6970,288.7659,1.7748
7709.5378,-16.2036,386.8010,166.6995,288.8262,1.8378
7708.9966,-16.2718,392.3577,166.7026,288.8884,1.8990
7708.4531,-16.3378,397.9145,166.7062,288.9527,1.9583
7707.9074,-16.4017,403.4715,166.7103,289.0190,2.0157
7707.3596,-16.4635,409.0286,166.7147,289.0871,2.0713
7706.8099,-16.5234,414.5858,166.7194,289.1570,2.1252
7706.2581,-16.5812,420.1432,166.7242,289.2288,2.1772
7705.7045,-16.6371,425.7007,166.7292,289.3022,2.2274
7705.1490,-16.6911,431.2585,166.7341,289.3772,2.2760
7704.5917,-16.7432,436.8164,166.7390,289.4539,2.3228
7704.0328,-16.7935,442.3744,166.7438,289.5321,2.3679
7703.4722,-16.8419,447.9326,166.7484,289.6117,2.4113
7702.9100,-16.8885,453.4910,166.7528,289.6928,2.4531
7702.3463,-16.9334,459.0495,166.7569,289.7752,2.4933
7701.7812,-16.9765,464.6081,166.7606,289.8590,2.5319
7701.2146,-17.0179,470.1668,166.7639,289.9440,2.5689
7700.6466,-17.0576,475.7257,166.7668,290.0302,2.6044
7700.0774,-17.0957,481.2846,166.7692,290.1176,2.6384
7699.5069,-17.1322,486.8436,166.7711,290.2061,2.6708
7698.9353,-17.1671,492.4027,166.7725,290.2957,2.7018
7698.3625,-17.2005,497.9618,166.7733,290.3862,2.7314
7697.7886,-17.2322,503.5209,166.7736,290.4778,2.7596
7697.2137,-17.2625,509.0800,166.7734,290.5702,2.7864
7696.6378,-17.2913,514.6391,166.7726,290.6635,2.8118
7696.0610,-17.3187,520.1982,166.7712,290.7576,2.8359
7695.4832,-17.3446,525.7572,166.7693,290.8525,2.8587
7694.9047,-17.3692,531.3161,166.7669,290.9482,2.8803
7694.3253,-17.3924,536.8750,166.7640,291.0445,2.9006
7693.7452,-17.4142,542.4337,166.7605,291.1415,2.9196
7693.1644,-17.4348,547.9923,166.7567,291.2392,2.9376
7692.5829,-17.4540,553.5508,166.7523,291.3374,2.9543
7692.0008,-17.4720,559.1091,166.7476,291.4361,2.9699
7691.4181,-17.4887,564.6673,166.7425,291.5354,2.9845
7690.8349,-17.5043,570.2253,166.7371,291.6351,2.9979
7690.2512,-17.5186,575.7831,166.7314,291.7352,3.0104
7689.6670,-17.5318,581.3407,166.7254,291.8357,3.0218
7689.0824,-17.5439,586.8981,166.7192,291.9366,3.0322
7688.4974,-17.5548,592.4553,166.7129,292.0379,3.0416
7687.9121,-17.5647,598.0123,166.7064,292.1394,3.0501
7687.3264,-17.5734,603.5691,166.6999,292.2412,3.0578
7686.7405,-17.5812,609.1257,166.6934,292.3433,3.0645
7686.1544,-17.5879,614.6820,166.6868,292.4455,3.0703
7685.5680,-17.5936,620.2381,166.6803,292.5479,3.0754
7684.9815,-17.5984,625.7940,166.6739,292.6505,3.0796
7684.3948,-17.6021,631.3497,166.6677,292.7532,3.0830
7683.8080,-17.6050,636.9052,166.6616,292.8560,3.0857
7683.2211,-17.6069,642.4605,166.6557,292.9589,3.0876
7682.6342,-17.6079,648.0156,166.6501,293.0619,3.0888
7682.0473,-17.6080,653.5705,166.6448,293.1649,3.0893
7681.4604,-17.6073,659.1252,166.6398,293.2678,3.0892
7680.8735,-17.6057,664.6798,166.6351,293.3708,3.0883
7680.2867,-17.6033,670.2343,166.6308,293.4737,3.0869
7679.6999,-17.6001,675.7885,166.6269,293.5766,3.0848
7679.1133,-17.5960,681.3427,166.6234,293.6794,3.0821
7678.5269,-17.5912,686.8968,166.6203,293.7820,3.0788
7677.9406,-17.5856,692.4507,166.6177,293.8846,3.0750
7677.3545,-17.5792,698.0046,166.6155,293.9870,3.0706
7676.7686,-17.5721,703.5585,166.6138,294.0893,3.0657
7676.1830,-17.5642,709.1122,166.6126,294.1914,3.0602
7675.5977,-17.5556,714.6660,166.6118,294.2933,3.0543
7675.0127,-17.5463,720.2197,166.6115,294.3950,3.0478
7674.4280,-17.5362,725.7734,166.6117,294.4965,3.0409
7673.8436,-17.5255,731.3271,166.6123,294.5977,3.0335
7673.2596,-17.5141,736.8809,166.6134,294.6987,3.0257
7672.6760,-17.5020,742.4347,166.6149,294.7995,3.0175
7672.0928,-17.4892,747.9886,166.6168,294.8999,3.0088
7671.5101,-17.4757,753.5425,166.6192,295.0000,2.9997
7670.9278,-17.4616,759.0965,166.6219,295.0999,2.9902
7670.3460,-17.4469,764.6506,166.6251,295.1994,2.9803
7669.7647,-17.4315,770.2048,166.6286,295.2985,2.9700
7669.1839,-17.4154,775.7592,166.6324,295.3974,2.9594
7668.6036,-17.3987,781.3137,166.6366,295.4958,2.9484
7668.0240,-17.3814,786.8683,166.6410,295.5939,2.9370
7667.4449,-17.3634,792.4231,166.6457,295.6916,2.9254
7666.8664,-17.3449,797.9780,166.6507,295.7889,2.9133
7666.2886,-17.3257,803.5331,166.6559,295.8859,2.9010
7665.7114,-17.3059,809.0884,166.6612,295.9823,2.8884
7665.1348,-17.2855,814.6439,166.6668,296.0784,2.8754
7664.5590,-17.2644,820.1995,166.6724,296.1740,2.8622
7663.9839,-17.2428,825.7554,166.6782,296.2692,2.8486
7663.4095,-17.2206,831.3114,166.6841,296.3639,2.8348
7662.8359,-17.1978,836.8677,166.6900,296.4582,2.8208
7662.2630,-17.1744,842.4241,166.6960,296.5520,2.8064
7661.6909,-17.1504,847.9807,166.7020,296.6453,2.7918
7661.1196,-17.1259,853.5376,166.7080,296.7381,2.7770
7660.5492,-17.1007,859.0946,166.7140,296.8304,2.7619
7659.9796,-17.0750,864.6518,166.7200,296.9222,2.7466
7659.4109,-17.0487,870.2093,166.7259,297.0135,2.7311
7658.8430,-17.0218,875.7669,166.7317,297.1043,2.7154
7658.2761,-16.9944,881.3247,166.7374,297.1946,2.6995
7657.7101,-16.9664,886.8827,166.7430,297.2843,2.6833
7657.1450,-16.9379,892.4409,166.7485,297.3734,2.6670
7656.5809,-16.9087,897.9993,166.7539,297.4621,2.6505
7656.0177,-16.8791,903.5578,166.7591,297.5501,2.6338
7655.4556,-16.8489,909.1165,166.7642,297.6377,2.6170
7654.8945,-16.8181,914.6754,166.7692,297.7246,2.5999
7654.3344,-16.7868,920.2345,166.7740,297.8110,2.5828
7653.7754,-16.7550,925.7937,166.7787,297.8968,2.5655
7653.2174,-16.7226,931.3531,166.7831,297.9820,2.5480
7652.6605,-16.6897,936.9126,166.7875,298.0667,2.5304
7652.1048,-16.6563,942.4722,166.7917,298.1507,2.5127
7651.5501,-16.6223,948.0320,166.7957,298.2342,2.4949
